password,login,email
JRmmlDJNZDpLUIP,DteUdXkRGc,OyPLRAJAMs
HjLOvOYnTjVhWZa,SjwNBBUXmc,eZeFMMdVQf
cxKyCkCTOAtUHek,nrepKsexcC,wfWdvitNAK
AHArsgFJZnmcnNU,YwzAlGblqo,kCRZjpoiLH
mkpQfdUkYLgdZho,IVSbqCbCSM,tefwbnLFRt
JEdObYNMXTSqdRd,RWZVzDgsSS,zfJBrgKOWb
gaCBHmEBcRDWWms,YqcodlYqVJ,yeVpWmsRnb
GJYdnFqrNxsbmBc,wubfCVEJEA,qUgbhbTypC
dWBXYUiqUcQeSyv,JcffdcMcWG,dDdbSUqDci
fLHLascYgPFPGdA,RBJdboeJeg,OUNkRKfpXa
IWDRYpPhaNTHtVf,aLbtnXycdC,EMQfLmtSrH
qhnETyKKoUXUgzL,GqCQIqeHRT,ZisYkPfKhO
uXdwCqOigHKpNzR,JbxvlOSNGQ,ZcLieVoaLD
OTnloqpClbrlqDd,KVCQOuEKiB,UeJYtnMykB
NMrusYBKtBBpDPo,UQSljvwXgk,vPgDKOhARc
lTQumvOgWIBKDOP,WZJduqfOwE,vCDMFZJjuZ
SEvEMWZdFaLCzWf,HPMPEPxGfH,JbxkusqPfZ
siuOzuAtQfHRmfT,xpmyHMOIYB,YNgECaxxbH
pEdsZepGJNqoUgj,QaSCBmQiWp,uUbADafvUH
yTAzYomyKlUVLpq,IuFeDJzgJo,qTEnDUIxWO
lkFQltwCdOXgMYV,HBWELnXrYB,NhdkUNYxUB
TclvcqMtBdQxCgw,BQgPRjKcrn,hzkkgVKVZG
CgwGXZtCivKhSCb,nKijdGYfHM,sUwKToUQBh
BrJGVegxjqGfdSk,RdsBehfKxF,wNziHmjYxR
AobsZOvUBGZtlyY,lUPZUMINuC,ThXMMzqXAk
YqwCAoPUSNBDmkR,GXwgFCGtGp,VZSUmjvbtT
fSRTTxBegDxLiXy,TXIxSKRLsL,yvbaCfAnUx
esCPIxhbpJDflFE,zjggbgCxeD,VcPymBFLty
FhtmWulJCuQOcul,xSBatTfSjf,WihLgceVWt
MuFAsBrlGcngNgp,awEyjStRla,WspDfSSoSh
LZvMvCGXBKvoRzl,rxFHxkLMzN,tFtwUAWqlR
iKkmqbOyDeDdtTx,fQfzaTKLCM,qLMrhPdvMV
aobrbrLMsvGEgGa,hizIPwXnMv,MRJAacytVD
rxLegAsQSJtIxhE,ztNxcyxXnw,AadwEHyIVJ
LqmzLtUQMopYlSl,buHBPSHkzM,VNVWgbZXNs
aRIqNrKEXHKpTLG,PdkMkymerA,SDQiCyqilu
GSOKsCzNCnYkSoF,TiujGtzbAP,lnEgClebCZ
xxshmCKjITcnvdB,kZWtVUTFBg,mpOOVCaIAz
xEyfTEuBRVcKSmz,idFIAwbmXb,xHtZtCezLQ
PtlEnfasrLHICBJ,rbMJQVpuzx,zqiLwMWIpQ
VHNdasAoEAbrqOH,wIcvRusiJC,mfWvQnKnGd
oaHgJGrQITkQfNy,RnlVwFcgCJ,JTVGgOWybH
NQiYyAgLTTJnpLG,oZDKIOmIgm,hEAzPryqYd
kmeJiNYrNGfFqrd,YkXtkzoZjz,IlQfcNCctM
fQotluRLtXpGnnb,RLOURTsgSR,jgzGDzLtfi
oOOecvRcPmptdEP,uZcZZriLqc,FnXRIyzNJm
LXRktDtdmBBcntG,NqCquBbjkR,iaRNzKOIzu
fskCAIjdLphtdwm,JVagPKwubO,hBJtmXAlGO
prwjmNkJUYnmaHD,vaDCDczVqe,JGiHIhJDSc
UvkyDYVQUJARxTG,ZDCuiQcMUc,fbrVqQOUxt
ZoiBWrnJNsyPaNX,oPNAXsijBW,yCfgadoGlx
FkggkoymZvSdVQA,bxSDceurMq,UhOzaPKecD
kISdejWEQIBOtKD,ZFjTnwPnPh,GMArBcpdHW
upHTklhnKKnWiLz,XJhebbGGIs,cQITTDtocv
DDMrGWWSRUGquZW,rxWTkcGCXL,LCgGoDxveP
EuBxKtrPJEAimQw,zxVddBooIU,yfWtXemJrw
jWXwFBbHbcRtUvL,bgjmYAsprN,HBVVKvQaoR
qsjQBLRVWOSMdxs,rVXhSVwUJH,JGsHTDUTJv
sRgfLvfMZEWflUr,RlerUNZNUt,umpSYcDPrh
OkenAeWRXVvMrVD,SkQbuHtKcC,rJuMNfnuwE
LFrgpvAwxVizalw,zAUEeoXGIh,WmwhnCFKzJ
ZkVzMoqnAndthtV,CUMweDRikG,eGOorjizpE
KJdNPCeXEscDytX,GBgehWTEXA,BTMgwdYDeF
IoLOfFyxAlgSqag,bEytjLVaIc,cAkbzQtJCk
tukSMIVXrOlHGvD,tSXRFjkRPw,xAAltRFNJN
ynxWwxlptgEWiPu,GWWTpmigQU,BOsVvJJqxD
FFoCnuDzBqXtPLj,maURckeyvC,kAhUNyXqIl
MCCZGnOVGfPXuyC,NBTEUJfNwo,KVvAUtFjfl
YVVmEgNcNhgElbe,oTwvzXDIhd,dCmwEbetJj
BtikhjWmPArCRlK,NQsalFyTYB,MSDRSzCOUs
pnBqGsUayFqbeOA,ZJoIIxRmag,REfTXsPJme
HTPXAkUJuvdrpoj,soYBUDWIIN,kadtrdFrRx
UdcONnlIQnbiLDo,QzPrSMswau,EgPWiBBzoc
zoglveozSinqyLf,eXvCwWXPEg,MKELrAcqNu
QoAaRKvFdbiIVDP,RWnEYFliNb,NCejzKSBmk
hPqwRcrfHuDCnBN,TKlQIWHRzt,exdjZmhUgB
zJBUUeZItlqeQij,yIhBVjTCNw,QObojLFrei
RrSaWDBrblqhzkQ,BPyPoDNDAC,ZrtPiIWwqc
khBDalDdFuNTjjp,MMvhtGhaMz,FKHehOEeDF
vCzKfDiVAqPfgmC,vZqpYkntjG,mqGwLhVmIs
FTPxUSCsPdUycCF,kHaEDqJpuS,bvdGNcXgZp
hUlOcAMWxHApPqJ,jTqHHWcCKJ,nSNlmrhbxP
WbalLIyGxKXUxTI,fLbBuySFia,THQeMkLGkZ
xeysxKyxfbktnBW,toOjWgcWiy,FSNbDUWGiy
dWYtNnykwYspjow,CulEmkVZlB,QjVVlZVikp
OSxmCBHMJYEaOyl,rHJNWgWQmi,yWrGgyEYqO
lIxSghNqsfGrwBR,NUkBzwEbqX,RnVmUAVnED
TDFHJYHDANNHnxP,lQAgrGDEKZ,ajsphaHsmP
syVzExAXCTOJlLz,OVcWGybstm,uLjYvMIiYu
gNRAtKIpPMhGeBH,SZyzdEyQcT,gLFwQrFZCV
jtQFJtDkHkqEUNB,tDfhIlmCcM,rSevAbqtkn
EmNVABSYwgCDpvC,XBiDZtEofR,MXRCMestyH
YZoVutqJuxyrtZm,vEEJQfSrBK,JYjzdoUyjy
ldFbGAyZbBrRvsZ,KImxELtZDX,JAmvsBNSDS
GOyWVLLfsNplqqZ,cOcthyZlIW,xuHkcuymnM
edpeCcGxinsLdOf,JmNgOzmwvR,dBdHvEuMEB
JDyzTSvPUZFdEaB,czreGlRlSO,vBsgFJbDYD
zXZyndPqOmhRJxP,nzoJeXbLQH,CiHRVvLCcv
EbOnHccDrKGZQHZ,qHPeqeECrI,KTxyeWfZEX
JHtXrAjwffGsWuE,bsAkgQnmYP,mhoKbsqSNW
tXrHKaoYJkOJokq,lZXJXoAojK,CftcROAMCv
izJjhZxTjpXxkjr,sqkhLkVnQz,gauCadKfGm
SUfyhNdYzXOIVrx,xMyHJrLjXP,myGLMEDJYY
KqLocKxgnkdVBKl,oCBtRwobyR,oYofOBARww
fStvYRxDAMWIbrw,vdoEGTTsSo,DNPSyHrvjt
aqPqLAgrxtAaYvy,MufcfMKKGz,nejbFLvHev
zfGriqdoAPOzwRY,EmtUjPMmDL,BlPkfSaxAa
yBlUYVNWGsFHqjF,SkLsTxxTWM,GoSXEaRVmQ
DwCiqmmreshzdcP,MKlueriuUs,JHUmkmLADL
ADbwpNWvmJlrmkM,jkuwlraaWe,HvjwbPpPGu
cMiptXWnTlIgwuq,lDqLyHPGvA,EzlVfLvpdw
JNTgJWFNEuflZlN,AteZdjvFNQ,hYbUwMexsJ
OxMTplWsvRCrLXL,ZvqLlYHQsv,MpcnFxGNoD
NpwDeFQFJhmgrqK,LzrkTGDNqa,IhyYZLzWho
IRMRRCZIGPsalMM,msrTdfZnmm,xSPzrxAxyy
oQwNphfbDMONazm,IEPJSjjlZH,DOJllizuRq
lpEDXdhLtKQrpZC,TmSTdCrsFH,wiNTFODfCi
WEysFWNebdiUFpT,kGeVWTHrbg,ZWibmSmkxl
ZDNNcymHLpvIiJa,PCzbVukcji,zWPBXDuTSS
EecHGBlskanmWGB,ewElydRlWa,qsIAWVeGWf
pleaYZmqDHRKxQV,HuHjvSZJti,ycuRsPXBwu
eAYkXZGOlrqHZaW,LRtgnAmxWB,nfJLgrynYs
AwVIsdNtDOAmeXO,fAoEMnSSyy,SzNlWbTEts
IdCuzcfzemvesQs,fKAidkCBHV,OsVxIbpoQV
pGNDJcHXwlVveFf,OffjHWNlYv,RiChpQldVH
aOmxMeUvbBTMzRL,ArsNQmVVrS,nOzmrKuuHi
ddBcfXvnAcdpwXO,baWXUEliUG,dhDrbbTAdO
pRjJwVHrVNMhAra,ARXnheoEcB,bPqudsbhrS
LFlqVsVGFmKGGGT,rcHFPBOxbW,MjwZhYQgvm
dEzokvxkPQMrbAA,TmpjyffklL,kJUWNGvSnD
oAArRTDOoofJAep,XDFJfwVKJN,UeeJWNnghS
QfxCfSrFEGHwLDp,sbyOadPCEB,DChHYGHPbU
MIJqlDXCpCEjxML,ZoCWLgUdfO,fhqhfVSxQH
vlGIvKETZoMdDBc,zRWWAuyJEl,VMcpyvIIoN
uKbOERDfEfbgRil,dAeRlhujWa,rWYVyfFRCB
sbplpBDupcXbhkE,UGCQYEmyaL,QrjofPOqfz
sOLjXifwMxcyWhR,fkyACHBuMp,pXSzLmMnPI
IQhGCewwXvNpqSM,MLnYZxEgrS,IjNlKKpmTm
JwMiGsxfUeEFLzT,xGNcuSbmvO,hdDjzfriHP
CITNIZljsQxIdzK,NWgqynYbvn,NrBmzPcawr
DpWdzJlMvSyRWLw,ZFQMGutACM,QiMHLPninf
dVdeBDMdOfNRrbl,PoQemadVQo,PVCzrMXcFP
daXMkYyDRgZbmxj,HlHlsaZsuH,JncmucceZz
MiRLBVBRQCMYcIO,dgImFmTLHk,PwAsmJeBWQ
TUBjEniSAKCptaL,FKkzQNPyun,FsLAquqGUC
bbwfGnWeqvEQnEs,ZPNErtxuSW,upgLGrYhgU
IRsObLGSopioxxc,BFMgQVaOxU,IKkqzFOpHv
XebhCCPriOuwMqy,tPJqgPBFzC,fnpIxhLWFV
wjoeVFHLnLYgZcs,FjEhqTntOB,LfaGutGEsR
IRJSBBCuYFRBZJM,lESNatDVyv,PqqTfwyqud
JFNhrVDGblxuqOG,DQsPJbBIIi,ibADHNOxtl
vcyyDUILnqzCZzw,bmctBfyorV,KJvWYtXLjs
rBbbQpztNdoaLre,KlqjMbCnYZ,sbYIDOeMAX
HcOyCCKhNfveJhL,gQHcoSLIrw,RzCuRTSkPD
gfEfIziRQvCPyMJ,XBAGJiLnVG,iWilsBICgV
lDZfjzaLIEffPOP,NHwCUMMbNx,XbVEySyOjw
gEuDKidxWrOzSdJ,JYczptxtEK,GFEgYaTrzD
smtLcmKCoEQfDlA,BXHCFMnEnu,EtdpYzqooF
jODhJXAXQAhVMzF,NjLUHpluFg,zhaKSfLDYE
CCguGaQjZpjKgIX,CCwKnnEAuj,jUBeKPVsot
NuMCcXoJoqplzLu,BbUUSOMpNI,WQCpmCdPYX
qYxRgcuWkUDThNn,uWlZUdfVKm,lAjspdWwoj
ldbUdZEGnhvimjJ,sdTeDzHyUW,hawaTgxDXX
DgZWmdXJnrfZDfH,rOKgvLTHJV,NmYoqBViKS
xRZaJKDpZoKVmxb,cJmvzMxVwh,HAWiymRupp
DsKGWmIIPvOaExd,kLCNfSCyGR,SjNUVLZeNw
oTNnVVvBuqdnRIx,PJHbBZplGm,PnsIWvvCEM
jWGcbCpVavROzus,jnHoBfRhMm,hxWfoCNGzX
rwarLFshRzQHQsl,OqfFBsiMHE,ovZfCQUmck
PgEPRenirjXTNEJ,XcdmwWwEFH,OtTZWMHeet
EnAZIwMyYPWDkdX,WxbtikHoMh,KIdVNclHPF
bmigBYXdkBAJBRa,psvydqmTTu,UtPYUFJtvs
MGwGGZrDnlUTKSZ,aiHjlgoDTj,jeFNrOAIBm
vnVPVjWWJbLkOwX,cTZWHJmJMu,iZfmWneptO
fGXlSXjxIaJhwNk,XIazrGnoBA,NHPgDjkqQv
iWBkSqUuAeyTKTu,RvLHXpFwab,HGKdiwYDtp
pYYXkAMqbUFMFUQ,InhegAundD,wZNUfREGlO
fcUSWRQaTvUGjrK,IkhdFKRmzJ,saUFKWtxjD
ljMMgcqACmZTzKe,HTLHFoQTxV,WEBzxJbEFT
NYpDSTgFNPKHQuQ,qWWaZFgqqx,eHnQcdjHGQ
xkUVpKLfyLFhrPo,AgPgOufYNd,OKEMYbkHFD
GFPXKENzzcmOedm,JXeopGdGKT,oWtruVKgXe
vQkkdgNYrdqPVBz,UxMwpFeUjO,NUGwzpRmTs
arWHGhOItcbdljV,myWdhHuOKP,lQeBhCbLsY
zQJTeosmdQotpxC,qffMVqpyGe,aDXVKiucJA
oHCUCRGPvQGbWhR,glQLKMeAgk,sWTepUQylE
hIcuTEOxeHOtvXW,kpBkNSkXDO,LQsQcBZPRn
lWgFdPTCXCCuEui,RZURfOFYjW,mEpVlQFbrZ
RhwoNnfSnpgnrGn,fREnOrQyLo,yFuYCPDbRj
sUyGgcYuUrAiDmz,OqTizGepPu,ZWfEauwMvr
SAOXWISnXIPJnSa,JHXJspyMAF,JtWwTToSuZ
uNlaKafjSNSuPnU,BepvPpBRJx,bfxhRjknBj
NEgVLYDncXyiFOt,IaXxXaZiEG,xerKULRSZF
PYanoCRoGOLaamF,yqnfPVBVGv,VbnXsJAtAc
BHeOhpEOPxMAuxf,rciBslNziL,JCxvdLkpif
ciUDpjfGlZdXTXU,mpYCHRJkJH,MYHnTFvEFY
SKlKrtGXgYLIdqg,bfJhlhqmxV,XHzQszinKQ
nswhvtofAAbYzsZ,lGHmbfSFBp,BJtARwLrpQ
DbZAQCsbwoCPBwn,KMkZSwaHkU,yilURbRrdo
TMDONhIQlNnzNHM,DpDOGONhAH,OCGNTClqdx
xRLsPcQIcnsQATx,PlOOMKMWPE,DUtnVdXxXh
ZwCBHdWibEhFook,qnmPoqqGcs,sFUiptlZgd
WvaSaphoLGSbHuS,tKCSsSOKoJ,YaOQBFoEQi
MvrCRYPPcqMIPco,heNAvnVIZs,deLJOXZkED
dwlBbUUHCVBWYeY,tcnQMYtVUo,IujmPPPjBm
owMGPuErtkAmvPQ,vQfjejQXmF,zDVXhmQhtt
oKpKjAZdPObKNTz,PSzYDIlUjv,geEMFLoWmA
hioLhrHgBDBfyRe,eZSjQDwlOa,LFIGrXnHAC
KIyMpWpTFGKqIZz,ycgkFmCNxp,KtIGoAryFp
uaFnFwfWAApBExw,BOqVTXgNet,qzoWsxPaQR
SUeyVrpEkfdZhtO,zemQRuhmiQ,sviFJZsozm
XaNqVouXkyPfWVB,YIHIuAgAyu,kJUfFNUPkt
QoheuWimgswWrJo,zLapDvNvNJ,JwbgXQPiGr
baXzwIIwsvLJXUD,IEYgdEVSxU,ZzuuuxVTsN
cLLljEmBYfMqQDk,DhrvMeOHmN,pNnqPBNOMO
kRHNbBlAsqiZWhX,ogDeifVUoO,dpPxTagLyX
FcGTBDRdqukyzYg,eNYULwtdCG,gsTlguTWMn
YKQSJUSBpHWVSPR,HvvIKqLLoS,wojGkvNhFN
VrkYtXpuYCLztRK,qsUpgjLQgH,CmCkmCgOEb
CetuCfMVMkqLrWh,symTXioZqB,jcNdsZxOLu
BQrZKikwORQZStH,YgjyNdYJzg,kUagNZVJfT
vLyQviIBIqClgDh,WzrUJXSVWw,XShHBCXKYi
XmqhAFsCtTTkaAB,PbKvHGBqOL,fCkbWQSNrj
NYrnxTQkfozxxPl,gyQFUhlxKU,FANyBgZLrL
PoAQdOgusJMXTEI,PJApauPHcU,OQUAeZknSe
RqsBDzgrUcxluZk,ZDqLKqOxLY,hHmYxvEGAF
tPOfKZIkHQAhcLT,FMGIKEmBGL,lafrvpPzlA
BfAsZPRFKadLQEs,yOvbGzKwYh,ibwiEJQfpx
ghkOiZcGqvkKLeL,ZvvhukgDHR,gHtGUJMVpK
BEAmINiwsQBQbNZ,CqtIePZXbR,tOHJOhmxUO
pEDqlIasFMTMIGa,QMWOZDYkAr,HxSrzxqDPl
kanYttjkbrKszvz,kwatbnfPxr,pBpWFyDKCp
HIBbkLujeZmeNOZ,vGwarOQmBg,WQsYTYKIXC
FlIpCuukgRPkpVu,qOBALfUHvF,hjJhOJRgsL
MoWuanSQbJUxlpd,VpheeuYTkI,RFhXBLcSBe
vCYTxYrpNxCOeQw,WUGZYXKqij,zZNzbcUTLu
NAYwOySQgLCiXRz,AjXTffRlXd,RYFCRuMsci
NUaEDGgABHGEiGS,WoZENXcEJe,RBMXNbGRHJ
toXqpqWBLYbjWQZ,aVzRBcIbJw,hyiJrJkSmH
gaRDbgWcKgYCAbX,yAyIFkQzkf,NGekVXJROn
AQfPRqKQntpLGMi,ABBNDZmtXK,yiJFbnkJit
xDYpApYdRAuOAtW,abVngEtcim,LbBXqmWXFz
SVZKrLtdgeaLVmS,XqKAWEBBWZ,RneBTmfOMO
bLhkbcoRAAJFsMz,XvKJMWpdLW,FFCzIiJtLW
wtzfPQmrqlKVGlT,DyTkESewIf,XWjdRDMESC
bkPkaqMCpWQDUHP,tReThFsYoT,xskOJeLbZz
jCHJDfLIptredjL,QTkRUBcuzN,iNjYtzkRHv
FBApMLQHLYtYUOt,rwONAmXqlT,ZOdOMvqWoV
SgCNfYNiQfrYNZb,TSdjUnzLFl,eHEUDsTNXO
djsxdYBWDLyCNOU,etzHMGzDTK,LEUaUaDIdi
EPbRFUIsIYHFCPk,QauOalUlZv,JJGsOHVgyy
PHjuobdKqBdvyNO,aMkZvEjCFU,kOSMBgjkqI
dYESdEoFGrWpCWd,pHeQmyAusR,vpaWRPiYCF
nbXsSVktPnQQxfS,WdsqjTcNPk,SbaUccOlWy
FtMqlhaffmmCjXE,YEuooLFBes,ZAUUcHEmOX
rQPUmueWzQXYUAw,HAkWSqMOhn,MoyqhVpijr
tPOPIZTnGnSsDPr,pjrDlQbeUt,PVnDHCdPPa
hJyGjAltNMoxmYF,tKaYWKVknk,uOlIqqWFID
SUZrQJQyameixqS,BznINyvjvX,cvzQDYBuuf
TfPGyYeDXmrzPcj,OzhEuBtdRe,YiFtkeOHfP
dhLkuFsRvvshQjk,FVvmIAYAWA,nbCIMGerko
fMvXtWObhYFniOC,SFbHUSHoYX,wsbGPXwdmw
qkLjLmPhnjntSWX,LHkoEjQTky,TDSLUkERNE
NsoSLlLdUCMYbvV,ZKtZzNKzBU,rUKnaGlLbn
ptwGCCitzaBYRsd,tifhDZBCAA,EKTgamhXxC
FHMEAbKCKGpUPsx,XtKKWEpkRJ,FmZLAKmdjC
GOTnosUNWnlYQHN,HaWDUFCEBo,jRjOFYVeyH
wjzVWsWLshlpAqu,UxZGdQUSlS,ZSGGBzkhzD
QtHcOiYtccUmyKh,VlBqovLrDf,GBQRyvUzIS
jcjWHwpIbrrqXRm,hbBLzkXLnA,CRoXQCYjpM
zehCtqpowhNTtMN,lFVdXIYmbb,XidsLgDEnz
TeXpAxZYqxRyHJx,PNcUCPbOiv,JFOUOLwQJm
xtBDSnuKYuvewPr,xNVIjsWAkb,ZwLIukxsqa
KAVfUgAtPewcSte,BAlazFYsdr,vAtPgwzfVY
IpEImVRRKQnDbob,lmqvlzBTwi,cFDgjyting
BeeZAjHnsdjkVKv,LcCPqjThkI,yUGpGRrmfJ
PCeRLpogwiyvKBc,AcdKeNGPwm,CtHkMpqjPt
AgqAWSESxkjdCTJ,VHfVImVjJO,VbrvAtNwpQ
kWuqYDyWRWIUcWW,kWAnjlqSuL,tQTafFjsfn
WoUMcnyuOsoSuCN,AvjbMcGDGp,oGYHgQhEGn
xYPBXimdEhIPynM,sWmLzhlILa,NlCWvVhIQZ
wlvSNHVmNOOoOAv,YiTDTvrjvS,ZZUsXMONxu
slXAZKRPUjpzQIP,xyLpiQpbsj,BLGVrPyezR
eEkvjGkfAHoUyXM,vyCUHDCurJ,wSrsbHLrRu
jnrqhygbwgeUAzf,nVFyGBrXEt,bMQAHzgMoY
eSkcJjXiHrFyyFe,OxywvVZWGl,gZoYamhtRs
AXDjLwurHvjIUPz,OEilyVUxVJ,MrWzshlOlk
HoVIgstRyhbNOJp,IBGDVuPvJd,qVbEwTahgy
eGGQTQYTWdAMsmK,XlyMkTtntO,rnqjoSufIm
XKxtFlpIXAfrTPT,MPgumuNsRl,CquHghlUGr
aWiMlzcaVQDSSqk,JORbGXZNtq,ZfUgPNVOhC
LScOooFjUgyTSvJ,dEFPKDKQNp,iThvDpdiaB
ZgLJajIEHeThiFX,zeekZKfRJc,YKKIXBVTEf
tqPbHqOxHmEgMxF,OUAWfmgbkR,wUTCDQoacM
pTXeReBrHpzhBEk,ztBqMuKelq,IwHRWQrsoe
BndcGLklvXxWISM,okHPSTBeNc,dElahwCegt
PjZSGVTphgEaIKQ,BvErkHCfKP,HvMtTaIHRu
QmPopBxmwuMjlVD,wqtOtAOqXJ,hVJyLwlsmK
MVEPvqnfQwjDdjX,FJXVsHUDDm,RDcToikJiP
gpfZNksvtrEkEPj,roZBkchvOw,QQBySaSQam
ysFgNdzoXLDbGpS,OSJirkqlwt,tqBuSKJkvK
PTIZxfaPcNsTQAy,rrSDyplHmP,zKBlzwLtYz
VaqmzEmKGfsRQPw,IVzFhpidRs,AUuAMcyBmI
RHGwkGvZvEaissH,oabaySwSew,UiiuTkTdPT
NQTxziEYNjrdSVZ,NtJCnkAxOY,rIdsvVMmST
yzmIMQrZwxcPahu,JQzIOhdmKg,hzIAWTCRmc
bhqZUPaPCOGhprU,zixINautAd,bDByYzmKAn
mEwwgNxrCiiSkBS,hCVStwRYTm,IlVnLjpLEm
IQLlxMGhKjQndFU,CnkYcXASfB,FepVaylDsR
fTxNbOFpvbuGywW,rnAKojpUfT,BWZCfAmkmF
VkdcBaMYDqGLAhz,ezIQsEpSil,BSZoKfexMw
jObVDwVxDDFoNMW,XWdXzrltTX,ICUgULkUSI
LetOLJusGMXHqZg,AumdUaSvRu,HEhIIEcGsw
obBHabQtNxibErc,HSbDOsGcvk,ddEwLkkdTf
brvEwkNVKQQdEPL,IshyQYuKly,GeJCYMQHdq
RlqdelmQtwJfHUX,qQfVTMmVMV,wBuTpiffjk
KWaWRyTdMWsNjnG,SvMAzJnEkQ,sCKtTYYFVb
dRSNiyQzLFBXNdx,bTXalynldS,beuqTOWoqA
vzJWOwakOmdBixA,RiSCkDDEYV,zMqdGgtTIf
mUdpQZNtIRbxXUB,itBwOcNnCC,lQTigZWDRx
LYOuDtnKAyyMnky,RDaEDfOJoX,YBLpcdfval
xMTTMAlPBWRwdiz,AVsHbriFnc,AvvvbYuHnl
JJJyIzMGWgZUQZH,VYoXFHaCCR,qaBjnBROpb
AzEjOhQQSHsYUvf,xiKxTWIyqu,ZGmTVJluvn
fsAyRIlIegmNLol,bTgrwnebtL,hqKFpLggqP
VAnoSCPiSgdOvpY,YBhImGAmDB,TNcIJkZMWT
RpShRdaAdLkWpwa,UBlfcneDoS,RgYzuqfZQH
aesXYzBEufqcKns,SGDYPwzMnY,KrCNHFMiJg
TnZTnBUgyaNDMUr,gSuwYQTjrT,JXiVPRtdLg
JyhuqkFNmrNSoYe,WBoUNEJBhL,iVLFVpsJrh
arqDcyklXgiuUJe,jfuJtpHwCY,fUIVdhzgOT
mEmvCTJpHNfeUQG,cMgNBWmnpQ,LJxyzAQrcy
veMTYQOYtcjHPau,HZzWgdEBsO,bnfnFLJhrL
UNfFipEIejTuzed,KXaMROhDYK,BfLnDsHATE
LwFoHIqBvJJIgHX,qxTHiKGynu,dQkwDUKxoN
HOgWYbgJPUwzMVK,JbvndqZLJx,hjYDgedQfb
eVccUsdxALEBNLy,ziuwStNRQS,XPpECDLtzS
qODgLxedueHsbCa,xnGwGNdVbG,vsBDrUJhmU
AxHKILnhQcvVRbc,SRySKkuVfD,QQVJzUYwDo
fmoBbSRgwWtYNhW,MXRxpuEavG,rmVuVKaFtS
cMVMjZQxzNqXjfj,mIxtGzVXJE,DwLEaCafzd
ZbizGsaoWrXBWJj,brsNprVQHV,reihCzmwNT
UIRZsoXkZEjYFkU,oIXSYdCHII,oPMLxOKFdU
mqNkdWhUkqUIxFt,uAdiKDRSDU,nIVihJeiwi
oUemAmIOEhNGTxH,qPrztlmSGv,jSnyUeVKWt
SsrZUOMGkXqfbbF,rRKSaBgHyY,DECstdlyhx
zmLUFpsTlUMZVkB,RYpwghbmpn,uHkGcjQFeV
QJHplUENHjLhRnw,gZfeyTdeHw,pZcKhFgain
aZTNGGLSormOvei,tOZmoVsgjx,VgHohVbfgP
DocGBXKJRJXNLwI,lFLHFdkoJc,xKBUipIYSa
CphYeTrFYPpgvRk,OtAvysUqjj,KgFjTcbuFm
vUSZVKjncDWpXZZ,JkfDjrSQTM,PtzLNMXMTI
EZMDQpCCDOGPDZs,rhwpBEsqfj,ijEwqEElpZ
pjfbFhJmWHsTfxi,JVqjDdFXhY,LhWjiKMBcj
KFuBocpffUPRwyh,sCKzngnKBS,KfseqFxBYA
PQhGkvhrsIUYYSK,qpiChuNeBz,bMfRynxsai
XSiFmeEFUkCdthG,jMqpOGMdwq,nEedgbyydL
GaCjJHrUlNHzIQf,auDnKCIamR,GEOlMcFfqp
ResotBRoPaCaxtc,QsemvBctgz,eqoMPFQniB
wzUDZfByWHSZeal,QmaogyRyme,ypWmzhCwtj
NmdvdQZJcMAMpxI,AjIpGPMMOc,skusmPnjYB
PQUaPQEtqdNrSzJ,MkMtWdqVqF,AJcbXwxzoK
nAdjGwslQnjvfbE,lwHwLeciLb,DgticZHMdP
sqOadSlqBqRCiGa,YJOuGSoknU,DBaVKgLtgt
whhkPZMrasuMFSV,tIlRsLmSiq,LAuGHGkeLX
dHEGBUXnIvndKBd,NvxrYdDBta,kalhdhCoUz
xmxIkoBAtZlDAQe,aHZOCIvoVC,lQocMeidRr
hYGeAAKAyMvRINA,xTXQxUbrnz,nDYgpaTwKq
vmYiraSLdEPCbKE,nJpdyYWiHl,KXlBVaLgIX
mdvJtfnYlWhccFF,bJwdlGPfNa,bjcuzULlPJ
rCvUZCrKsjywDoJ,kSimsqPvSo,kNbnHXDgyi
abcYbsPLLkQgSxk,oezTjIQbAJ,uooZujxWmw
TSdzHJKBskLUJdt,yVoTuNRBhK,WYoVrhpyHc
OhZaKeBrNNaAyxn,gFHqhfsikx,wcIkeNxQCF
XlmrIEWIagdcjlA,yEjfnArtDs,TzsedwOciK
NRVBGwcfEYPgQBW,FjaGSNIRbT,PpIpSMfudl
RfIgsNbMezxhUxt,nGSOYJLqBs,IUqaFmPRzn
kpXxApfMDfQmATu,BQQCSeJCHC,IyMAMmAPQe
yWeJsyAzyDhqJIm,XHfqhrSWRY,hKwkOYxflL
ETKciTXjLfNDYiv,lggpzGOgEf,YtkpbbNoLT
OtpRQRgUHIrkNGF,CkDiorlima,fkaZyWGeVM
gISedWhVtBNKDPA,saxLulfbcd,lyAhwGKVtq
tTufZrShkIwFrKW,aHOsMCArbb,gOyiRPcJBD
zgLsTYEGKyxISCg,AlJTQDpdqG,lJNbeZICLq
HGnQwzjxYlmgIHr,XbTsvqpbFa,gaKenOwvqZ
CEVWNjiXWOdvPSj,KZDBLreCqC,bvrKmiJqWl
gloHdNEOJqNotuQ,ikGWIIJVCA,mQoQSNoqlc
WnJyiVIqWUWYtLL,aEHqFDbcaT,evGHCdLgHd
NVuHmCnDHSETptP,JnsVWokoEy,egCkJnnLoi
vdWDAfMJsWmhQFK,cloWavTKdt,ZoqohPAoiu
oVFXTmcGSgwudKc,snIHfmySpA,gPmHNcABSM
QiwATFHwAEmzpPC,vANJTOJJDu,OmqmssGWtD
CSeLaNnqnGDFLik,flxLIocFUn,WPgLFeOdSC
YrgsdfKystioDxo,klSdJYjmRg,pRboGdhMyx
qbYkEuaEXDfkTYH,VdrUDuVICr,jGfoemTmEM
XbeXmUxXdWaWeAf,MsrFxGNltX,rwbuanOfvM
WiaopcJNJUgicKw,SoUDpoqwtN,wJueMlFgvu
oxxhsIHoQzaPrPj,eTNIjYzban,VOyzyOlMZN
SSmiXdiYBsDVlwr,WVwQLGidoF,StHthixeKI
yfPLBxOLHwICmId,PfniWBxrXX,GpgkHZaDPE
sporewCahwYRhXO,XqNdwRjcoH,FYELbaKHvq
rBgucEePvOfVTFZ,EnhbQZcSLP,WsuswTixKD
jzmIVXNvTaITHYt,hSAUDEdJHJ,fqZyFhIEBC
QGXvQqMQwknsfSb,uZKxkmLqdK,cNUhOXXAMh
RMhWwSCMJFfhNeC,wBJHZSBkMZ,RhvvGpNVJK
olDXYYTOsBXLXwv,IOsiTIUEjd,gOxglJeOPZ
eBYlyYfFLjKBIlG,GOLFFBSWqn,KWLluLnWTy
ODvXTBsTquwflwc,otLlWYrFud,QSzGzWwSUu
RjfqdOKsxRGsOBG,fimPvepnbC,YzoSosntoO
tQeUmHzrlMAFtuJ,fMejlkAayT,GxlvyYqMCt
RIzaasEZVVsYeWj,EnqsOsupwO,EQpbaCHOcA
HecfuWyHCMLVBPl,BkGFstnTJs,yVcUdbbQql
QarLPbiOpOnuXUF,iBvRHbrGmt,XPYiCKXELH
KpTtpUZIZUOxsQU,TbIreIaTth,yOSsYCcpQd
AbGWVNAumxgZvAp,GkxUkdKWdE,oECjrdJtCV
UgpNEmxscHLYrQf,OUJBsCAFSk,QNTpGVDlyN
HFKBBKlOCOyZvMH,ADaMMVoXUA,EUEzemQOeR
RKVQnEbIgqUqDAO,seRjZUuZPZ,JqrivfYtBG
ofBrCQzkownIgUB,KbtJiLrgyA,VbHVmeVWZT
sTIeRvmGJHqLBTA,dEpNqxVowl,rJUIBNRufu
YAvftvbpsIWWxHR,EEJlFWVsFc,wpcKCqEdFp
MJzerAhtsBuyVuJ,sQZbcdYdJr,tsAcKnVqQL
INRQXRhFtIhgapQ,wbfhtwLori,PYEkzajPgE
CfqcXxEOvIaAwGz,QSiVUgzSwm,ZfuYrpgFeJ
GrbuLGIsqcvNAzJ,wNDWOwvcUb,MJfNwgpNxi
ELJMPLBnrzogReA,pvpuJqZExp,VKMYTSojIp
NtvoWYKUYvjZBdX,CmKvVSjNlR,qIZfYtRcxO
HeopyzsauSugigX,oZDVIQEULx,SQYNRNUMsr
MhmolbjtNVLMPbX,ZCBxWgwQNH,TstypGwnNC
dmBpdsynWjqOTep,rztdJstzkv,MwvjjlxYLq
tMFzfjtdVhtqdog,IicOGfHPxB,iaZDpHIGZZ
iehqVPEDuhZBvhH,OTBAzjwZRe,gVpQPVhqTh
XxqaRmspHJgSkCL,rznLchvJGG,ECXzWkHrOg
fBRcBImvSjOJTWK,fBZIyQNsRJ,VpPSVKbSmj
OaCGfDJMtaqOpee,gzvTqHYTKu,eOhMWZosTT
rVdLZTecPsHCzxH,NonrCPkHYb,iTcqcywWsR
uQtNtKncxyATpaG,whdHZEgirz,hPGjCpiBQM
JhABICFcKwayHTr,FEsqMORIhx,iCwzYReEfo
IYEJsNRZPljGVPg,TrDpWrGmgg,blsAeLtYpH
nMcrDatxmMslJzQ,PqVPcIazci,ilfACZtoYG
iraeZXELAoWqgPL,oEFKrUKzLd,zPzzKpzjJH
uHiweRPBOgFrGiO,peSEjIVrxe,TyieEaWCYL
HupZUEcMvmScVVH,izHFbaNNHI,wtjplZXSuI
cePrQxrzcxxHqii,WVZTqCoOxA,ZquHAqkNvD
npqiSXBanLcYHJW,yPZbrCcWYT,jNDIKYMaIb
pioRYvneASLIbxG,XsyTykWJgT,GFPMbEFbMj
NZGeZteMRFTSZEi,BLybyolXzm,FEZpIIbWuT
HHzrGTlbPRHgYXG,YKUdobIWSZ,DfRrtrneEt
jcwXpKfUWkgKbZt,QivdsUHlQV,qrwoiIyPQr
VSmBHZzmYvMnJfN,rRqlpPqnTh,HmdgkbcDZM
tDtXBWSRPsYMICF,PKqkrEyCJQ,reqDFyrGNl
rnVNYjeSXpNdHfQ,ufGIdNjQfz,SAJomkzcVv
mkPRfVixpivVJyg,jzMPssDUcm,yRPDwGuNhU
ddbhmrzeWRtLSap,ZzfwjPNCxx,DtFwEQeEbP
GroIyiJZlmRqJwn,biqkjKLJIk,sLyNaPGWmT
jOBLexVyEpBTzBO,hlNWHiffXi,vLnciovjrr
aFNrFdGeLJLLFjm,DuVmqkaBwi,RGJmqcESaY
RhfXtjIpmgRSagq,ruGlXgWgri,tmCXiGowHT
evSNNiOUoTaSnlG,YqkhiemlQA,qdcYgAXHGv
SDjOloJRrIhWKKb,QBdVnedHOX,XefoSXSIlV
fXhrHYlgIUIyuZt,lTlrrtbwnn,xpQAcUZqGo
eZsKgbcijPBBYed,LRufWTiGOn,QYPwSSabNh
YHYEUsJmNjBmyuZ,dHiFsBFnaH,uusCnvjoWF
EaxgJmDspPbfuhM,kzecZeHbgu,qbvodPQToD
EYoSmxtVgTRfzSb,vEbcHzFzLe,PGXCDjOuSg
hllymscHFblgJLV,GjubgbipTR,wDlORxfksa
nMMTQCuRwIazeWz,oZzsqbuupi,MtoJUveDEX
mbRtCtxcufEkiHZ,EqwrWVGQlB,lQmPoUklYO
rzmpqzFReAYfkHX,jmwCKqPsAG,vYIjFDpUNS
nkHEknTPMwScidX,xwjAvegopm,cvTaVNyPWD
oCjtDERFxWpbXFj,vmBwaQVGhc,QNgFgwpzZg
sMsunRLCoFgSGYy,KhfZbjAVfA,RegoQbDyiE
ETlDEmvtbdPxRnh,krdKHdtfdo,WioVBKfuZi
hpZyuLULbsnVJGx,jyUcIXZejn,tEfkkZjaey
PEzGiSPduRzrhLA,sIrXkdrnQe,JxQjIETISD
WfbsMgsFuoFNDTa,fZmCndlQMy,ZhMIlVyuMs
IFtEhiNZITczCTY,gMwfPCtMzB,gOlOoetRTB
EltXhwxwSfWXdcQ,FyModCUENT,OqqKpBmXGP
vLuhuxHGuDJKePn,SPFTWRXkXQ,gdtLJZSgZU
rdvGHERSnjSJBQa,bBvAqwxsPc,ThHNbsxguI
tkxkQVcDuGZSNeR,lpAzdfmCrA,eLUGWcyaVV
SYIprXmmBrLhOxo,yXKocmdbfJ,vIvWiBojyo
ryHIQlolJdMFURf,MEZofXlTLC,upMfzEbqQj
alLiYrmylkECAPY,KCCVZLqmWf,TljHeLULeK
RQiYpOqWkpCEcDN,HbVDthwuRC,aSfwHnvdFQ
IWqNjvSKrmLcvEJ,UetWKvMQGZ,EfZHJWSKPC
gDYHVQuQhlVnjcg,qidavfiBbb,MzsOnycMnH
ibNoeBMOcrTGhAj,ntimpfJTuu,LfeGLvkiQl
KYZNAVMncqcGvSF,zFTPQimEwG,BWiZekqcaJ
UDjPodoRbwvTifo,gmxQcwaXZH,ZizICUpUFt
RXBUvPsrRYYxOPk,sHQobpapAK,WoVygNQWrq
jbfjILZATfHVrSP,THzIRDbgFc,YgczKHLsHD
oRBavlNsAmpJRmx,NDkVZALmaY,yiVkiSCnGJ
ZQlTrdPEsaHQUCf,vqJUGkdoXW,gOJuZGZZkJ
SlrJzATlJBXBBTd,bjaMyNTjvf,rdmHObTHYq
eVHMWRQKAqqcnse,bOuVMaLWgR,YGFbESJsSW
NTwIBJdFrovKimk,lGlsPXKzvS,TbnwAmgmBi
HFSCBVIjDUubwHa,JreDLwRCMF,AwhgabYBcw
JTEmrvMPtknMToI,EtkjdxsRxF,thqJMtNwqD
FfASrPaTJRAXiEI,PXoPsofwnF,jppSsPHVZH
dFGEvWocOUbfZMY,vZSKiJuMXF,FhtdthvEVc
BZUSBejsSDqExaN,OnKYmvlCMb,fXqUIVEHWP
cNCrGXBrwOieJJM,zFcjqgUzGo,NjkjQfwUDj
SbxwbwECTajZSEm,EDItwNnzgv,XYOyzwdjth
jVCwEybInVzZYYy,pAWFsppuSP,NKvDOfujhC
DYhAHEtwwAwOXvQ,RmAnmMwdjW,VjxQNuccjq
mCLkUvUuVwNSXaB,HoIHBrIhPV,ChKtCTUOQA
TTsIZtJCGuvLjlG,rlXdHJQTOv,LLBnXwiLWE
ebsSayuMNxkCUKb,xhSgHOjDEM,xLxjzflHfq
XwexjzLXzhUeAPo,fKPTRtIYEw,vVDiAyqJlq
TXmqaTthDuJSpXH,VzUfOfjxyT,ZkgKKTENcS
cQJYIPESDDuEpBF,LhxskaaYzE,dxisxpUTUN
dVmfOhMciJwWxNz,IrjgWywfKH,emfTUEmIpS
enzcuZZJdhsMaFT,LKhYqreKGM,QtdSpGBSHt
QpqrfVBqpBLsKXB,mqtNqonzUr,XsjNYWWvkN
QmVuSROkSMacqDX,fIRxBxyliE,BhiyNCxaQO
LUQTSDZvNEjKnTK,vWeyEJCCEV,mNHxmUsxFK
NfTkWsKeMFqcVZp,eCVKzTEBfq,XjLuQzylQI
GLaRNtqrqePJSfG,SaXiDYobxE,OQHpcHMGaJ
hgkrxLkcSqWiPNf,pIegqhJFtD,fiOlYXvUEO
kxxGIiEEHlMRrzv,dLeIqYUeEH,mBwjWvbJmb
ryGrBaGRqwBIzPj,JNkucTNqFb,RIIqNWJvly
KHQXqnnijzApwOX,aeVTqGovnU,QbFdMiGhoR
VqkLAhTUJmCppZM,XdZvCGVAWv,aUXZfaukNI
lIISXiYfqmUYaCx,kDoVqoRIFC,kNcYdXRFLD
vircgLyLnPtQEUX,VIrsxbRCbt,ySIODJzCew
WFedgDhLFIcadvs,biecpJZXLn,vpORyejRui
joMSnznfisRwjHW,yWZypsGjsn,umKKrDXOUD
FBlzXbLoIbhdtqf,EOYtWCoqCT,lupzyYdBbE
TwzYRunagHHKHqC,wWjgKRaMuI,KKhcQWwOls
SRgoupJCONNLWUp,aIvsmIMGVi,oJeiyjcuND
BwFWVJpsaVjPUym,tErekPAssf,JQVeDwjNYy
CjkOKNAtgBzJgAp,catYYxnFCK,jJkFBqfELl
wSqdBdkbsIhJjWI,vUyxQvsoto,YOSSJeIQIJ
RBwQIBIOtFJNdOT,JHGfVAxOhH,tlOLLZUIer
lbpaKExvXKPJydi,bfiLDCrJmr,vAYhyVFWqN
MPQzLlVMqvYEdlz,kagvwhQuIu,RgwCBFRBev
uJMQzTozttpUwRa,VFRQRrQfqO,PHYgyOFUMp
IvBRifsncTkWEJs,XZjUduFZRe,jynQHCAOxF
AcpRalOKdZeDxwT,SIUzZegenF,eVaGHdeqDx
HDUcQMOyIJksUNx,rEtcEUueiu,fyLAuMGKZL
AqlDGjblsGmgDGD,hSwzwKegck,UfwXQsJyVq
WVsxsDusBPTlTlq,soURzcdfQa,fDOTskyMYZ
xSiHsmjRcknhzhv,MVxDNEsdyJ,rkqxTvPuku
aDtQswJDVSdfGYe,PyUHlhwsED,ibTSlNHtba
RjNBhhLDutLuwSD,FoQAWiihSB,NRTxtwpmWk
PVeENGhrDBMbWRe,AlzxztaQni,fBEwNvetNA
eomOmznspYItSym,tHxpyPVvPD,MvyRYnpayv
VtXvYdliVZJiHqC,CeeuQLXgeB,iNHejqqwmu
DZRdEHkZSGuzZUp,wozvyDzSDr,AksyRrXPRB
UNYDvboHxuGFWwu,jseqhJecTk,kHXTSGyqgy
MSiEBTtzunfOFgP,UgMCBJdfiu,LdekLaovUZ
meNowTJeJhABZio,VpJiZQCbYf,ZjDXraGJau
sLrNVgTzkkIQkYA,ifMkgMuUbt,yvvPcbbVYe
CzUuybVmrofSTFo,GoDVbXPdSA,lNvlfdiDps
IFpqsAyCBeLFgMZ,PXIeIAKjLU,KtUUfSzVkl
CajiXyzecTeCqqP,YeoyxmGnvN,uHnOwqEkNo
nyKSAFCsBFdTIgu,wuGRkDiDlS,eoubhbhpvV
QuzeqYtJrcFDHaq,GcVOSSzHob,WKhFokbmYz
ehikkDyJfhjSxhv,fAYHwhaFmJ,iNscZFOaXr
wKnGquAzuDHJYkK,JrTiCFKFhI,RYhQiwBzyW
XweugHRVXAXFJqN,nVsJATjHIj,vdTaVCihxP
RwYhLnQDoIEWTge,gZkySrFtyg,YvzWvsOBIF
XctfbggwfMgRxXr,pzAumZvRwX,ppnNbiHqap
TMAGgoFkEybZeBS,EIPjZepfKZ,kBjxyaSpBA
iGTyTzGjMvGmfyg,ZkxqxqaQLq,hzZwbTwEWz
puMskMjGWbJjYSr,mSlgmaNlKa,IPVtGflpFS
nZktMWYpdSPiTVB,LjKZuswFkm,xTcrqDNazf
VgOQHudTJHaipxv,LkBkaedQkI,hnsGiGVsmz
eUNaJwEqBTOloXW,WeEHKCKwFh,pnLIggIest
CWjNbtaepIkTldy,hVntUmJFLA,zLNdOEmNBD
ZaMCmPBVSXzyPzS,mwZkdFDhac,xoyiqwjeFk
cflPWqjWMNfeIKE,vdzJenekiB,EBpIRYJtMr
ViHahaDBygHeZSj,AIPHEcpHwp,UnZVJlsxsZ
bmvrYopkRdAXbby,GkilKZAmAT,XZpjhbgSGe
BxWGDUFCubIwMMW,mdkseuVxgX,CPLXcDlbTm
hmEmSwoFMwcmGlO,aXOizaqsbV,zkEhSvZtYM
elbBDrzCmfCZIOX,EVCsNHmOsi,RFETQTqHFF
OXAjCbOVkuMRtIq,atJTGnfLjy,GQQxswEHYj
EbsfUsvvvEYCVcC,QoqQSMsUUE,MKrDRJkoxC
WTnADgHzLEKQcpx,pjIKAuXYrg,TeHXlDmhYX
zYvyrpwUiAryxqP,neEAZDVmMw,YlEmbFqFfW
VsQcJazbyclLSFt,nuUEKEhOom,qodnwPFvVX
PLjiwLOsJIIuurk,QqKnXjBLpj,TNzCxmaukb
qoftiauTmmtDNBA,oNRybjBjDS,ozxoWDyVOH
oyfXcZfAsyExIOD,gBCwyndsEh,GaTZbnLGGE
HTdaMCtzyMysnJS,ouUkhrqgHT,hVHliarxcR
bfTmnEKlbUkLulB,kWzNrimcev,UWlRIjWQsn
kmFXgHeEeWjocuK,cgyvBAUnEE,jtjWziCzvE
VkYGXhHOZiLLbkh,ElNhhSBIJB,RKsYuzIWGl
LaGNCdxUWNHyipq,qXOwretGTh,oHyxcQMaaY
qYDVtpCvjpdnBvW,cPZKYTiYLE,wlHcxTeJcG
uIMUuzJCuGZeeGa,sJovDRpgaN,kKTskZcYxf
iqCtKiQIrCwJicj,FwExFGXFzs,uvhFjNzNuo
AtmIWWdQQNuWOfU,INkHZUTLBa,OZvykOBVsa
DjLPqQbvcffVfIN,NHYISvmvaS,bIPEyyEVMs
NCCBGAogGOwggeP,UyWEOhAZLZ,ezXMdqamAB
IExYEFctPAlleMr,KPIzMGfeSm,lGBwITQXaX
mdinffAUDHpuRcr,GNZnBiYtRM,qsNveGVzNP
KinQRpZetvfHUlZ,CuFxOgHJgy,RYUOfSFZix
siyoisFPXeMttDb,owyAEebvtY,RHVaCQTUJC
XBYMKLcYiRrbxxF,AjUOpWtfqP,oVCQNnlgxn
WkEUVcDyJlBQQUY,kgBvbqyOlL,mWhfMKogwu
ZkMfPelCaoFPbRR,XNWvinrWRR,FhiKZpJYQv
qcWsOUnrlyYXrmW,mYgOnYGncX,xboEelpNtG
ZMWhZVvAiiaoWvm,cYURkhttJS,TKZsBDPFBO
yJQIgNBzjnuRYtX,COUYINDsry,lVVVVXAKRH
qwPrCuGylqlJzJQ,YJeQuQeMqp,oyNqzVFmnl
lfVVtQhtDwbyVEg,rpQtFHqhdv,SiEpAJmEva
JNPCkcwyETWXJEH,ZLQAZzYNsq,pahFzayNUK
ywvNljfAPGZALib,JWTcEzkKtY,iFCYrLnXcR
ctIaWjDFZcrJIHD,gqqJXAyuNx,dLGFOfUkNA
TlmzVsYKqwbPQKU,dsNzYrlLIv,wgVHLhCXJs
dajlFBTnjUiLAmy,VqsisiJAlx,KqIyFuYPQB
kLrTrmYPCbWbrTD,qWGPQKYILE,YLrHeodjcn
SaeSMVrlqiGNiwm,BwursSAqSx,RFSYeiYCPB
kRNtmqJMOqEiqrg,YUKROAnhSI,sufeUnqTKf
FFLwSaJAgnYXskx,DAkUQfllWt,SVYUVyspMB
UOyiYMmRDsfEeai,ZGlkELrJMK,uITlnZSSCI
WqTOOaWssYOzTLd,QJcGLpQqxL,foKBpjBltM
ycIXXywhTaMvACX,QxcIlWxqWD,OdptzEtvvr
GDbpwkNpgQLEkMh,vaTzkwzfsR,cMqLRIIqvl
RbaXpyYqimawQxU,sKcVOAPHea,gQSRUyFUQn
VjcqNdAsqEyHtBq,YYMUeDlaCX,xpdZnncCwD
eOCbGmmeygeyGXc,zWdYvSXIyr,CcGQKBtkeY
QwdxnklVjpyHbNh,ISkaoeSWXn,USuLEROhFu
wYNPLudtllHNnah,lzpQJyHMXd,ZMHkguNPZJ
LlQOHalFQxySkLO,dIwMOAiQKP,WuwuynexIJ
duLrYavlFvebnpI,TvNrJowRQD,cAyWTnOXkJ
dgwZNQBOpkHZGkL,FQLawiKSyb,aqRMrcyiKJ
ZfkJUZKcUIooRdB,SJeZebnckf,JRiNdNlxMC
EOQqSuJnyNDwRQf,wTMvehCjQW,wawCvsSTkx
PFHPsQDSDHINoSb,cMPwnWBqpB,jrzOsvsgKC
NiIFcZuRHWBdbVF,SMEfhKcjCe,zLsTkEfNHl
mUDcuUwWdsZyQGs,LrelnqZHTI,ZwnNYmgoOY
ejRWtejmvXiPloG,ZJCiNBpfRK,ZRIKGxxlse
zSrpUbfILQRBiFq,hgEYTtxIMk,lPAMjFLciR
lCRxKizVIEfpVkt,sXAZanMdxA,mjcxhuUQxb
AaYsflDINezrKgR,UiqwgpgrUY,jvXEHpBoTO
hSrpoDkNfLijyjf,JgWuqErXqk,SHPckCDSFN
WDObGfNAIjiJLHD,jEElJQVQEn,kDcnVDmFNX
thtQIDjvxoCINyg,NjSnPtapEL,mlKLAdZmue
uXVDeGSweejLFMd,GhSlUYFwUK,cxHyVtMyXf
MlSDjXvaORhekbc,UeHFNUxPlL,NbSYiiYVIt
hPrEjsnmVVEkEhn,ZukwvqLjyV,OWwUZEOMqq
ixAbnRkGYuLJdHZ,vYBIvIuOXJ,IHVVpSDWHW
yrJarjafJgBgMwD,qHrmkPrRQh,zgWXEUoxPF
lgoaCMBhhRGFSKB,iMjDJKKzsX,yJhiHNfjVr
mOSBRaLTXESOngL,JxHTQBbaCd,XStPTrxsgU
mtKCfqwaFcEKhZj,HzBseotiRo,fwhJNrtDiL
oGockWHaZPfpHJn,EymYoRvxwO,VfzbPXmwBg
DuSvxGmjZuQRarC,tFijYWqJiq,eDfzUCtAsV
gDxDZUfzIIBWccD,fSCXLSuJuZ,CzSRBlPPJp
ZJWeUNQxTLTpwAM,euLpqHnhuL,eAdEykULGl
RTrrHyhiDJzFXsi,QdpBbgCJLL,jiXKjobPbF
FIeskRuyFDihjml,RaKbrxOhGr,qMmvGoIJhc
NxpQMuqClMBkAVV,qsiiizAccy,CODsRHvKjV
TrUlALjMNsJfCth,jxWuyPSxae,kowvNzoDRZ
FmaJsUgtQGZVkYP,QHsHAWpUia,VHTongNsie
qnHcenSGtuCoUTO,nPzXajEFoZ,OXdPYlxAbe
WsmYgAYzuSbFyem,ngWzAGllqC,soLGSCSqMG
IhzUhukwESuJZZF,oEGUoBccWb,uvkNGppAkr
jyawcurpFPitMgE,nZfuqyHUze,ZbCfLMpSmj
woNQEHCdWXUXsPZ,JYArtxeKvW,fKUuOCCBnJ
tsNHgaArhPYNVir,cElFVnMxOo,WndGdaxkXk
HKstPKDxRjtMmEK,ZufyhuZhPd,lfJcUvbTyh
VUDupZuIQaaCMSC,xnTTkbquRU,TrLPragUGC
xkzAXEifHsjlosu,IbWYYcFeAG,jRIvElnXVv
WLqJGzwLbCZGFbF,GpiFxnbJVu,IpZQRluFnU
FVXXOzTKjGAruHA,hWxzwvYhOr,CqYDCzKxOb
lEUjlDIrcOPlSKE,YttQzYREEL,VAPtadImVl
yIcuDyPMDKJDlTX,DFvOvxeoiA,UXAwkolneL
dTBInGrGGWnMdxQ,rZgrMIjOhG,ZiEIXuKmbm
diAgBkMBjdPcVto,ACZBjUrXFB,rVaoFMDqcw
KoCPIHJLvzdOetN,GsideaKbHI,PqoxgUBNwG
HofyHJHvyEqYfph,NSdRkzbgJx,ynNfdXMDrq
TcZHcTQMtHrlpdk,LZIAVtkubp,bbJvWwzYFz
AjXxukGLgYzEVNl,gxtAPVYgei,dCQUculSqv
HhJdzyCgRmgYKHT,bLIHzWmWMI,NcAEoWlfBt
IgGGpBbPSfiHgyG,nkUOPfOUIX,tIYdZxZLnN
HmWoRjifHtUcLzy,EMPCmAGSTE,DbWcJRzAow
XfKzXRitcGmMfPG,FodRnhFfzy,btbpzKnVtJ
AlXqSKYNdfgPnnc,WZVtNfHAjO,TIFcWDhEkP
lCPXHKMfrodBHVh,AYYSVEgGby,YvqIVSSdMk
DQBlyGvMRTRdUEl,wZvkJSpgHq,TBJCHVYxsn
mNJqPSTZVXpynHo,PLkzoSYcaR,vyDzRocpbl
bNUvYAyeYryCHtj,wdKHNlkOnG,MEBgEgdKAj
ELjyiJbgYjJralI,ewdDaDtqlt,XSMDGopPDp
JtQXSeAePALOKjk,PwdtpcoVXn,tOaeBbwvxx
dDckneBVRdifqDh,NoHsCHmoZS,sMbAspFdvN
xmepuVkYHNXGtoh,imYGkqHLGF,XbpqBThebK
mvGZCxdTFRDQGSk,XJIjhnhAjy,YctyAgpySw
WcIhssnIXpusTIX,FRBAXKIzvF,pbCHQBBQvZ
IVvfmtmOCRBsKUz,mcnOlygKcT,tmyCwvTUmu
gQtcNEqiWcpJovK,OItUpIHFnY,aoRbHmQejK
MJnliwQdSQWYkKd,VLSAAfQpnZ,YwSvDywOqY
syopQoaIadFNAjV,BPrvDuLlJD,UemPxRBUSw
frYQGteFpaVfkvL,fQcdtkvOTq,DUUjbHBUdc
SOrBeXABkMOFJws,NgwguUWqGm,TISByZmmdi
UGSWRyUUMhEuIzf,RDiXrwDGye,LxVVYExZBp
RnidAxFApvLpjmy,xdqcgUVwFL,oCcjUPaszT
rCrXksssGIBBrRk,VAAOZSYnaO,aatHmfLGUx
smVRVQEhoInhevq,WEsTPpYXmG,LyAaTMcCvT
FJmveJCUXDwneTK,mlAxcQpbCG,hcvwiWdcbq
VjQjQjpEEbRgigV,lSOxkkZIjC,gdcBuCtkpu
QIzptpbavihsdfm,MMWFAJKpXm,GoSRRmQgOv
aaIDFNztkBUfZxZ,dvrvfJgGff,PNWjPNbamL
UFbSXKtWYHEKPkk,VSayweJxkQ,QJaFOrPQfS
JwVphbqTEhUotpd,vhjrvkbZFj,kKtDNdHyAT
dfGgUPrSNZVNxUH,WUInIrWiyh,pREkNXrFyG
DUXomLNtauOvxlW,EzZYOESXHM,ZVHkyCGDsP
WRWIojRIgHouiiI,eSkyNraZhr,ZLffCnbyQV
tfcHAMOhcyYhXwm,wTZygVrrdD,wtpeACrbgT
nvhENaInLcnEThA,EpAGWSVYBT,RmWPrehazK
FpXZsPxsFpjtNaf,xMzTslMKSl,wYQLjfmhgi
QpMagAOtwpeBQSD,YoqqMksDWz,nZFPuclEYG
btCegxOdkVnzqsv,WYjHhfKrxp,YimHQgyTUX
rSntktuNuUkechf,NAEwTTibPc,tydiMBXhjk
ZLJqxjHLhtbuHhM,wSHsPoSCez,ueLxUmjghG
kUIpNsWprzGxfgy,tcJgvWNrXf,vguXxxwQLn
WIkYjYpBzwXrogg,MhmAnPHWPX,wsfbxFGDpK
rrMSZpRwkUezubn,iscJQdRKNR,JWWxFvLfPI
BiXPwQXksyPQLvm,BOBaAOTrZp,nUwfmUAQkd
SlVsVIKsrXfoNMa,ICPoUrTpKl,bzKxKzMrfX
LqKCYcijXZwsbLo,kvCTflRWsP,dHSLSMrpES
XMKveHVZDrlpfRe,qXeJsjSGQT,YnigUaoIkH
rSgLNlUPdSKNTVz,IARLWyZrCH,bqDfCxAHpf
qzqZbSvwKIJMZRn,iktLAusOTw,bjSXkKoNsO
jNwSByElVmgqMjf,hegoDNkoBr,MzqkCkFTqR
gBTQFAgBLsSFkKv,snEZeBxgeJ,BcfuKwVTKo
nWUKgryOvQjvpjb,xMSyJihbyu,zLkioeROfJ
TNPrNeGHPfQZzjR,QFbbRpowTz,UlWZrgxLOT
EKXWLoVtwfkcWcg,zyqSaRazQK,ihtOFDiRBa
VEhlwxmICBcqVCv,nyqoSsDJch,bigpbNuvxO
PVsTZdnhguMIPqP,KNCYezBpeC,OXTQdpvwax
mNbirKgPgTfyzgD,fTFJUBrlGW,wflDvqkPrJ
RvGlbLdsSNowpju,DpmJrIljjL,BPNjMZNdQx
atqZZiKTreRnbLH,GojtEEtHqM,ZsDWKXAVZW
ftPdATHiGqJKbzw,UalrKudsDl,sttOPyKsWq
ujONyyPOemQKsZO,lRqRvpxJXi,gaWsNzwzJP
tnUfzDQaCpcxvcy,SLsTznoKuy,ECJaWvfOrd
UpfBbtPxZQwmEko,majjrFRZIv,gLYkymYkVk
zVZVdBLCEdgRDOO,LjkJWZiREB,oGqLSncBCp
hZusGiagtBrTlux,yVJrwRwHde,msssmrJbLW
wbPhCXMSdyBrHJd,KlDXlytwnN,xdGMNcAucy
oOIbHZVUVcChpsr,bRkgDaiRnm,eedMAFHoeV
mAFLbNEicvCLRyy,KKnyweIIGx,cUlINNtZWx
TNOSPplNJLCIllU,tFcEqsLyUM,lmnIgsqjnu
zWOOkESDlAyeVaF,EhDkMaHMvh,AKwzqgVSkl
qbLjiDCXJnYEVqq,VVlDGXSIRx,PDKYNtxxek
UpOQMUtrvaMmRgR,cbYARuOwEY,GzCiRJlALm
iAezZdvlTrgHmMP,AdKAcaoACz,rdjMEplEyD
yhnykypsgHgWxlX,gFZDuoFuAC,cGfiVTVjSJ
duyjVSpHmieQvvP,cQYJZyAqcy,yzadMRdmYp
sNWrzCMayOdywyZ,khhpNeoFDX,mgeiWJZuJv
FvmVNJyRTBbBwLA,CXFSXTAsds,lJocKIbgjl
IxutylQGpzbdgkv,zvipzAMhso,SYYKTfhyCl
UuuBBQGsUvVsBNN,pSCFEmnQtT,ACdGjjSaiG
LThRVtcnKsREMKT,YhTvXCAQxr,LCyLmQtFxX
vQZuiZNEbQFnCyQ,YiCdFOPmgr,VOoIUyWLih
XIyNniFlLhBSeoZ,MIKFozlnNJ,DqhZdsGopX
KTXZKqkJMSlGYAR,ZFwNTGCnKL,WcaDTvezVi
oNmJHjNbLekNEuW,GNyiCBMaRo,oaxwiVbNSq
HIhIhLNfMmJpjuI,dHfPSrxmuu,gIWtKTQfUb
mMeVQrzLTXfMtnd,CigeMHvvNt,mYhzwBSwdH
nGGihjvfGcQZGKE,hDxtHQIkoq,COlvZTDybO
kSSCamaCUadHnfO,ZGUoziZlXo,yqTqcfafRX
vaFKXAmLwFiobFf,dvlpgKkiLO,RakAiYEjXc
rJNbWOglAjwSZCq,popBdbqMZS,bGZqDabKgm
NOkoQKGgkLUrsOP,owLmvgNasC,KuRTMrGVOh
dPhsTMqQBWrtFVN,koJgklhOLY,KjVyitkGlG
KlnKSngzJUFGkGW,gvWTIvKqTm,DTlWTWlVFe
QQkNsdMMdePbTFk,rAcmQbCadp,ifkkObfbKN
LAPbQIvniKHgSnd,EoCtucxazm,kYQGbJbcAK
VKvchzZThGZcVeW,MbGHINoXaC,SEPnDMoLqd
fpILTHPpyvuxugs,ZiKvnVSCer,TtDzfLAzpy
IRwYqKOJIwpyztp,gKtqkaIKnf,jylWqPwgcv
PBGJiCkoliUuUrl,qhnqhCCojm,kqwLzMHUYf
fNcHBEBHQCAFxeG,pYoVuHruCi,IEFRHCgaPW
jWtIGqAslUucWKy,aBvSxybFJQ,qeKDoUqUPM
grUryRpfsQxDalm,lNaxNyZaTR,YsRtGEUJIj
kCtRcOAyutwujqe,yqDKlKEIYX,SDmdRbqrxv
icuYjWBxgyKoxWx,IionmYRtox,YVkIpbVJpZ
DOYKkrfNeHLMypn,fGfwxZcjUq,hdyooLZbmC
jywFTrwvhPkQhDP,vMGvkjebdx,LhblpxsvNs
BBCUgvbLxrNtzOS,RgbSBWxyEG,YRXudfnewP
HkggENkGSIXJKXd,lUvRLsCdwy,qhNGIGFpdd
mpFPwrxQiYMaAoK,AfDiwOcGoy,sfyuaaBmZF
tqBjyytGvVNexlO,LneftcQmNG,qEqGbmzayR
UGzSiHMamNKPbcO,wrCESRJidk,XHoJfHrMzB
dvisbkmaqMZDAzH,vffVLVUyJO,zUfSrUGmOI
nSRJDHTWJJhhsKx,OcQgXhwopU,fKQlHdQihW
vmkrFvgCmZyapyM,pzHcxziKVp,BHTKOYKDQE
QqNIWZTDsiTSkpU,YxTpAhssEM,yMWTfYShXU
TXSwxGQTjbxncUj,pEbAYAqCCz,iRVWDyWYUo
CvLdYOqYhBdoCeG,PQdwNQzdhY,rFVrhYEIrq
jggsmoSrtnwDfZj,wWWtzBAvRX,LXtXEsSHIs
mcePchTloNUTYjD,ACcOpiAeMr,YMNQYhfcLm
vhKUWUHNRPpfVZn,qoCZVzNqQr,DTgfveVPlB
wiCLVYdzGunBgkt,mzRGKXlTUo,HhggAagDPc
RJYuNAqpkiycCoJ,WgGHvYTzKK,vFmZvkgWbE
yIpXTaghYyHtmGP,YaGxJFJSOa,KMSiDQHGLS
ziohoPkHkZOSAES,ZlxMDsnStY,NNgkxfhxlO
fqcVNziMdxzmWDF,joodOpaHIo,GXdFCXFEty
pSEDrnHrblCYntI,MnpKpBWSUt,WUSrhnltLb
ANgZTVLEEODWJbE,oNsUULnoOD,ozAJNrnZmU
BaIwwBacsoDQPIn,LZZpvUTIUz,SCANKIDMjl
CtTVrrSafmTKNVV,lyyThwScDG,dwZzrUHIWr
ZBkthXiffVXpksn,LQsodVJDrb,iasBaXwbxu
xuEskZPvqjqtHSv,MuYtpeiERy,HxhYPrEOAw
fzdXMMssmPPTVIC,BRXjTaVqYT,pHpDLTYVSd
SsWOiQIEEYlAknv,FfxwQmiBkk,bCOwveCREM
wdWVTkWIlmMZRXH,yTJOTCvldq,yrRqQCNKvq
MfHLRCLCuvKkFtu,iauJtTWkVt,YwSxzDVzEY
TpBcjMmhDHkjHzX,xziMNPBFde,xNoGvkkzuz
NxMhafvdrAkIDgD,WccKktQHaD,IMHnFkojLa
WxasYpqsiFfsAdN,QOBlzZxnae,NsjyONchkI
SEQxzpUYSzNvIqg,ZgZXMsIoVJ,FLUNIKtmGu
FWlWfUGNkNBNrkM,QRTvPPbtnk,djDSAtaOcB
UFlYsstNOoKoRvx,JbCOMBYMXc,XZMHclymZr
bkBcHEWNFSxfZuZ,IRPiGxqSql,nDADtnzhfs
lJDHnlxrqhNiIoc,NOGGqwkcBj,SnmhhOsLJf
cyffDYGMluUOPej,FXZLUuXAgv,dYNAPGcLtK
tUOliOvUMbpgnuy,dYflPBeiDG,RAnxwSOSjZ
OIxjSQOvWBLZEUr,KsYispKIxr,dHwqFmgyiz
dafMXhHDHPypnvT,kdGpQaJGBD,FTfvpbaDfL
GlyCIukKmuSsOMi,nyjSFTbRok,ianpfEPZcY
gnVJYrlOPsdMtab,JlOqrAZteW,xCSTJmVHzP
nyhfuCgTGNjlyPm,izcWJGBgNm,WcYSICZcuZ
eBjqyHJhSiMUMAJ,zXVrxyVUOL,kSDyKUYfVu
sBTOhIwoUIWcGzh,NXYOcJxbQk,fpStQxFEnG
sHZnBLTDBxKjJRG,NptGjQHibv,rIYntMzkTW
zaByPlSBxusHIoY,PxwzmNsrUm,gnvgdrzqYQ
DNZlzBbFzOTRpxK,YbvVOobXuc,iTCvNlDkSy
LTilemAxSiWdZyt,QqAFYHqTCy,RjznPvYrab
JbzOHhIodyWKXxM,qMQdpEilCn,RlFfUDxLgc
gRstPrShjPeaEmM,GIFqQMgttt,xukIdzFZFv
GwgLjueUYMVkzkZ,WvRhhLqiZz,cVcMSDuFYo
FgyzeLuunHGgnUD,IGwDiLBEhP,SpVhPhDYyx
fnSzwsBvHCcnmRN,nFWAXjknco,QdBxBntLKs
ISxSWKeFuLrLGkh,DdaCKJhsaN,KZweSlaaGM
iHGWfpvepwExCyb,gPTzpayyNi,fjjdRqguzi
UjlfApFFXqIecIw,FzGzpIcnmm,ovmojOhjsQ
PiFsQtoOSpWPyQi,plIExuANWl,xQShClAIVl
wtzGPvrrwjkoWCE,drKkiCaJmA,CHfSNwFJVy
ZUjydUUOSErWvky,PWciOJbcPS,XMxGjXjLnc
KcfJGIDfkItfnmm,xixexqqCEp,ahXFiLywPw
LUNwtmdHOnSwRnF,DkXnsvIypB,MRgitlVGif
XFQHgZbgKknKcqI,hCagDzeeWl,uObxaOgyWE
gKqPvsSNGBMvqaa,zCVXnGxMzO,kxYUimsnkW
AjxxcKnpGsESSvE,yMOSDndFGY,GFPtEdgGWl
KVyrTTDuTXAdinl,YayYnKpypz,JRcoTHFxMM
vwbWqjracknmuEz,ZvIMxKSKhD,hIqnnPqHEf
qHwfdBeEmHKNxcu,XEMPUiXPXN,XaJsHvztrz
zDHNRySncKEzdMY,QOmeExseWX,HrUgMUEffl
joppbEgjXrVdzeg,YunhOWrZUL,BMqfbWrRcF
QcdDiMIsKAyEJMW,gtfyMICEcU,pJunHRNhDH
PwsQzOdnSoGSxbw,EYypEtGbYY,ZrcgMCiLth
quFgoXQPapuELUl,BLoEJeQLAJ,fYUcqziTsE
hbdmOOfdGWXgivA,ErrowBFdMj,HKUwcclYOE
mozIalqQhFDDnTx,czyvYjCLEP,aNWCpDDZEu
BaeBFEFGxnjbTBZ,wpjRrHdtmX,WyCsoSyuaB
zDmNhxzvvxiffTB,fBuBfMLGsa,REbfSaGnGK
ZsoIcHnehgBMyYx,kBWHtBqWbF,eRFAbhCyEN
XaAheoxkFQVUxDp,bYhUTiccQF,vjkBthKVYC
fubaZFWIchjXCYY,keAaZoqanN,EEoTWnJODV
MmlLhLVBjkkirrh,BycznAgdVz,vsdKzCzWNR
DuhXHFDpzhdNznd,BOTUaBOjUF,usFBFrmnQV
xIOiUiaBLIXjlHC,dZIfiQzsiL,mPUezdOpTG
xzzaFhWGDNxfoee,qCJPygDdGu,AcBxNYkSqj
eBhsvsIqwLZjwWK,LYdyjQMfNd,qCIgGGfkEF
ExGdXsiuJwPguGX,mTFzeIkGjG,lDDnPhLdie
gfZmOgqMGFOgcYU,TSLdsJTRlL,BfAAjKqxyx
CqIxnkBUCyfirSW,fXbmWZVWus,BzDIsJxQoA
febweFBAQGhIFzy,vuPzGyBHvW,zkYevZCCNh
PxhurGZhlbPcrxV,pjeNKhsBxz,KDZLWsuBZL
EvNxdnYbOuCmqtf,EycTuBaYLz,KWNrtNZhpa
VMXiCLIJBdxWnXc,oGGQSldTea,nOOgBeThUu
xNLofAlnQXkTmRt,GUIxKIuPjA,ogDTiZuhwC
jjUnkNxPKPGbgOY,VqGmABnzmQ,XKjIzBUdRy
GGxtKKRVAHTOUcJ,bPsrLjjmYr,wxIGOptrAa
yKDyOSUdIwiZvBY,GyjBmjaPgV,WfeeNWRnkf
qXDqTgvGIRODoue,jWevvClhWG,AMsUzKWGXC
vZitqMVjZYIJwuf,nFNhfjxJdM,SgOcZPKfub
znsVqDSIGvPnAxK,VtHQmmywdz,WVdJiRKFcu
EhasdqeucwwoRUR,DYjPRcOyne,OYZYvtxVCf
YeMBpqSxXkeGiJv,sOIlNgjGHl,NdSLTKorrA
wfSIfEezgKWYhcu,RkLGDhVamS,ZdkEmyecZy
lgzwYakqIazWpir,qWmhSUcEYO,YymTqFfYEc
mQjnflqgsBrFsoa,EwbPSKJdFw,meZLIHlfCm
tttvdqErAueTAuw,gMREjxsFuo,avHVCWSSHS
ETbJPGornwbIlPa,HiTujFJJyS,FuZwFRdqGA
FfxaNETKZVuzbli,tufWdpmXUb,EYmqmNclkG
SCganetMYzKBwxd,WrUMCOtAFp,pjmxgGWQTs
iYwbVcFiryzNIvg,qkWwoVrrjB,QuPFnJdrjX
DIYKpnDzLsFCCVG,ossNTCewTS,TtegqXhHWC
ziQFbjrTmdIJbdz,SiBXQzkzHl,oDYfxwNGys
sLbEPCpdycvoyTJ,ZRhGabsCXf,JlQioKhPzR
SuRCegjoAdrFjiy,FjIVyRrKyo,tGbEECWYHG
aithoRezzYdbcCm,BTBaDHoWXr,KmJCLTwqQC
iGYJuxnSRCEaaQu,TMOAhNQwYb,hqwyqoIZCE
QKUtSyZTjwROcEM,vyvKtSSWvw,QEQeFPPhBD
NRuutTfYbrZsvcr,lmtVqSbmzV,OCcCtOesbE
MsggCBSCoQwTSGt,YjLnQESXfS,TsVQsDshsX
dxQoepXMgAvyOEd,horUEGQtXU,kTkfwHJzyR
qrEaaFfhdTgeNJS,YyITdbLNiw,YthOGAvYLN
moDsucadKJnznId,XEzmMtIyKp,OkkxMKBYBi
GWkiaNMwNYdPyDj,sbIofMXQoW,LmJVZCSRsS
PIDZIVVrLFvUnit,gOIYkJwTyT,qeOAfoCZJk
TbENqykfbObkZAp,zibmQPZCQt,VJWKyTylIF
uFVXgLQHoyfCLWi,PpZJpbEeSA,sHcFmTJSxs
iEHFfpNZUCEGBCR,YbUydmQSrD,ebQPuOCBiQ
VjqrPttokidtiRq,GnJOUxxEkm,uHgklrwCmC
aypzLvasfIFwfkC,skhpOtupkZ,ckhusdiTnz
mWAsZUHcnMAFHGJ,EbtFnlbJYC,RMhxFsKDIo
WvIQijRwbsJIXgq,ttEwALArJE,BsxAqaacPG
sZZEVSpycoREkus,DMnXgnyjSE,ByMNeFqYog
FVzQwBlKxbtOYwY,lkQjdqnEUy,DEzhVwHUdn
GRiXALOYxodoHny,xKBrclcdkL,ZLqGZsYAKl
XrsjwFKipLwbRdN,nKwkZShtJA,gcbieOHkWF
OHWGwmkfnFnVHPE,KoqOjWajMo,jFALkDSRQX
aXBXrxDgnTcPuRN,fQRZWPxNBW,ZTjdQvXiLD
ZJXtrMFroASxEeF,mZiXTNTnZa,ncPvFBUjUg
hxqFPoNRqspLoZe,lGjCXKkgcP,nSfWbNqRAN
iTEbrjIcGLOHMLl,sSTQwbLhXr,daaGDqVjzE
ZtMiaUXdGcLDTZs,gfuzWkorqx,FxVWcgikik
xThiEispZKNBVPj,RBLjtTuCeA,DCKgUFZmhn
ZIGHABeHLxeQWac,TQlXJSijqs,gHueHhxxQp
zNYUYnEyVJqhsBI,PufygXnPLV,WHybuBagov
ZQYeFkOekraQSYp,eTStiWlTrI,ackntoQOkM
dcUbfOSzIBucvNi,pnwPWUdkAa,uZbrhiWLkE
DRXcTJUitzZcMGn,bcKUxtJdtA,akTjnkpDlT
bjfArjTEEYBfswV,AfAxwcAPYv,prXVAKkLXp
plEdDVSVghjfRMP,xOpUxXMvns,gcpLgeouje
hfNlnITOKbBRYOT,UBbOPhhQWA,kHzLzrnRqJ
dMbJRGVbcmRMSJS,hsFxFuVnYf,npMMRRWMSI
JjIDaAcDqVsJeQi,AhAHrOoQfu,MDlmOLFarK
NKyctCFeodOAWEJ,zNUkJxvjjx,grYTUJNcrc
mznafJXohfmpXug,KRyzHoNMzq,CYJVIyZIgH
lSaSOPYIYlvyxci,xKOFdhmHkv,kRgCrFWeFg
fFlEUpbxvRuDDbt,WNKciPPswy,nDAxuIbogY
YWWElNqDqFsjFRr,xEePfWZxoD,guYCYEkpWC
nbfCuhUjsKcUPdv,YWWimHqNVJ,slPLgBhEUP
TzRpHqnZpCOIEnd,YDPiEnYEtu,dbbMURXUVh
IQyUuMnpbWkwSxV,aGVQlzKvdC,CWDgyXMmmO
uGMwVbNRXNLALNt,dJnKQUDMtH,gCtHFLhcWo
ZcbvNAPHnYoxHHo,QHArEwnIRt,jYoHKuaKaR
ZjNakmYwobZTJMJ,kqMcqOGoHU,uOwtDCdrtO
XXNVFwLeSyVHnHM,uRKhnvWVnN,wtBCiRbgZu
WQFedrGCpipJIfe,AFpBBDAclD,nSdVCeYwjJ
KOCuumDgLHTZdvw,RbEkhxSRGA,rKnIqMohdJ
mkJsXqWJnXYmoUM,sjEysoNYly,JrELuPldTe
lCJRxEyPoZmbRlM,GViyXhsqmg,xfyNOjDpXb
PEaDOxgkCXHUbGl,qtiKfJfzvN,uHPJflNdPh
MHmSIvwZwkubUhn,nlxqcCmzUX,QKTpdYmkHi
iniTSCjUXUeefPT,QoDscfaPRa,ozzrvmDwjx
DLDvTjqNWzsrzoX,ObDvDcOgRa,jiujFNilDo
MnsIrNxJwmUkHKn,iITRRaNzIe,aDixyEfkcW
ekVxcAPfupnLHWO,vtojoDoJVU,YuJtQaZTpt
YQGVkQTSDacDiSv,AiFDdXYxKC,hQEKzRefVO
nzUatCTnqbdoQGM,hUxLGqRCti,eCBUVLKDvn
gWalWOAFQPdSpcg,VrzIWQFpji,cnJUDdFJgt
FYMSgahlBxlHZKY,xsBEdQdraX,XDlSdSJpgW
oFCGyoXhzScGDKc,NhBFIoRmmk,daoNmxZpwB
EpkrFIYTqnfOfld,hcnihkkhHt,AmzEZXAItn
TqGJHCnQlaOirYA,vPAMHbyVNt,tqSVwELaxn
tKoGmkeixAPDMuw,OBOFXZeflk,BWTgfiZqSy
eIQVidWzzhPPNLA,tHOnzqUstK,AsFodHhsWL
wRtqBzXavbAXvdc,xTaaOPSwXY,yKFRczfNdb
tozXYDYxgXsMKVo,JGNdczwsew,VuadJlPoVx
xIxrgozKaHahvXG,wqXFOqPmNm,VTmkNnoJtw
CmnJYnQPdMqpvVd,ewGbZmXiyU,YlqroduJVZ
qoerIuRbVmxqRaU,acyJJZbGcF,yOdhvYnoDF
klQPjJWpAlmkNME,qiCmGPXPVN,oWbWQJMpAN
aylzzyBjyNUwlmZ,qCXYGRsCtG,agGoejoiQv
JfhUzNLHyRsLDcr,QXkSZCgrsr,pnhsHegHpi
ySCVHPTFwpquohz,sKrUCKufcn,FyCBvEaVBv
KJeLTuuIqMkRpYr,sZAOkTeNzi,wjgTHjzwgE
GjoCJqTrgUUSwOs,xmCYzcCsHf,ocrwLxhqSI
ZlPEZSbgKgovFNK,bhwIxSrAKt,WwwIrIXaaj
EuLCeJFNlUghYEE,OcUvVDaxhR,ZhtTpYyxcK
BnQmaBBbqaYNNGK,IcwOsskVyR,cEwcnVHKlk
tuPJVsOWRlqlbKZ,lCiozSovsG,IrsyGweBNH
XSllEyzWeXkfVnv,zhdVvhuxkv,bLWZiKuiTB
QHRnPuPjraksiVl,ClrCAbJMVq,HEPrZUkjQp
DaOeYgcYcswAiKy,FDHWjCxhIU,cKbAjpSaip
QHVEaoRufZGaTSb,SGImAatGju,mIsGBuizpt
NIbJYIxxsXUfxcO,tQHXIxRrrs,YGFUTrSWbR
dasauKTRdoQRyPP,gfGsXwGhnw,tgPYvSOnbm
bNAMFfVNForqIio,PhOUirRnla,mfkYTasUtu
YwJHRjfAaRLwlGH,kBRgHTluGS,QrYguxStXQ
SRlJJRdemYEJXhh,zKTeVXpdgi,uSRtEPvjps
eADSBxaXRWiAjht,GvFVlPjshp,lhHAljeAmt
SVHmkATeLkzejXa,FpKWpaPcJh,KkkdArJnkX
xsFHCXnhuCMjkJa,rcPiSkUMmy,ZioNjsUtpk
zBudOSJzTPpCpig,wDItzorOMp,KVRqDTcZmO
bKCSLwdnQwabykX,nOpvPbeKQW,bLPjkjjxYw
xYkpNqcyMiOdooD,PRKRvYSaiT,aXLCTGDujf
kusTPfxFlYURjIc,jiuTtRIUMF,CIzxnCbDEY
fGbKfaXcIWGpQse,oDAKOJgxDw,TQfHkuTVov
RyEbTHpPLztCiHW,EnqneMyXpZ,OIvaZfHTwr
phNkDjgLByDxIHG,RbBctCemmu,jXzkJihgGa
FmLqBeJweOhxwll,RkgcgTIiuc,FpQcKSPTqt
hORagrsvpgtISxO,tMfBqWqjTV,tPiItqsLQK
wllJVGLswPEqeKH,WqhyLigGRi,AMsQiiYNKW
sfIXkKiwINnJzYN,beDvrORJxD,kBmqaLsNnF
uIUaGJewAwvgvEj,HsmyveLhSK,MTqmvVuZtM
QIjMcOlfjywHpHr,eWGBqIaWQf,BxispnloTl
XERLdQEWYjodyEl,GAttokYgrh,aEQZCtHcaL
tluXpDNYnkQWaEj,fNtLUTgtIr,PBibSHCrnE
EuZpHWYuxntYBOR,uEfzueOjXZ,RTAZyNSghX
HYQDTVYfECqapRy,tYvHzDkgAf,WsEbCtCgcy
gwPNhuwZQKwllld,KFbLNlFZmn,VQVWpbwbcW
jzyLBPBGddrktbt,CKaoOFpbot,AkSjXprkOO
nwZIVEqstskwuFV,whDrTdWMAJ,oWCHUaKajN
ncaVsSdYjrrHcct,shMYcuTLfW,XxXgALeUzb
JELWfVtOIeYruQZ,QYJAGbyjJa,uHBXoHMBKN
dmGHEHPDZJjgMTn,XdBGqUclLm,BMiSLPtVXW
lxDDuBOXEaCsKle,WcLzgEyDNA,qpPkAvzYBl
TYLocAcGBHbjePy,ZbjiPkrKtA,ToRTCuvacg
WvpMDPxVbbUfVaZ,CVgQOMEJmR,ysSyFCbZIn
cBZhsDvKwYsANQA,mjamepYeiw,xXLgfZuFnX
LduyPlpGuUnnmig,JLuwtMXimj,ZWqThwPJJN
XNeTvsdenxZfZEp,MoFbUxextb,bIIDsjUMGA
iUttkjNxNYcmYJH,xLPiMKXKoD,KbtauKzmIo
tGNGRGLdiUWSnaT,yPFfIhbaTR,zKfMtWSgcU
QLCILmOxgfoMcQu,dFGeQEvSrA,CLSjswLyiY
RuYCsIIHBUZMWFT,ZCZtIogVsX,PUdddrhkEH
uDSqiVaouDPqXKu,PHNZZwaxfq,sgHaWHixqd
NewLGPtvrRdmlLq,tqRwzdQeNh,RSjrHgmaQo
vjsGjKaJIoYseOY,TpBdeWXzii,KcRIqUkbjG
UGXMYiehezWrKwF,IRhUDDVCip,TeXqyLnnIz
XwOYriEkhnAWBpY,iHwOCDroTC,pDGdtnlNbw
ietuQWdgflfgTnN,yAMTbNQrQO,zEnPudRMKz
hgAVQaecsgqtTQE,cVKspuuBfx,rYWxVFvPKv
tqXoxOSItyyRToK,ypbfujdhJt,vIgxoUYMVg
cxUffhNsRFpMTXn,nJQvoikztm,PPcqQFdRJF
OSmTFGQKPqTCwbH,RTXRplsCOh,DrsqqLuVoJ
VzpqNDVcwpjrhxy,icLHpQiIvY,umTejLtQJj
qdWTcQBFFxWtoHS,bzAiKrNLYb,XrLltkUFgp
wrPZOvwWXqfBArX,JpxUjwAVtl,rrLwmuRPCc
AgPqqZFyUnVWkIk,mbAmbaqxpP,wUXuWkkBYq
TWRUMwNodKUGkbi,KWFdberSal,QgULVdygru
dNXjWiIjTvdakVG,sXFLImCfib,CSkIdAylfG
JrKaEdSmYiBuHDj,EMwxxglsTZ,xCErtGdUMM
dpIqiAeZAdeyKPN,uWEEGNwgbr,GlzDnQRjfU
hNIRAKWgqAcLcUF,VcppHkyOzE,daeGwVtIiG
UNQPDhoYnATZgBI,sKoXbtzrfB,ueiMSSeLUx
eHbKVKHSTTjAdEx,jUWYzrxioB,linToJTUxK
HMIZTcIVcoioZZe,YiAbefIYIo,sybBsiYqqb
iGZxPnWYVlHALLL,OshvnZyDLU,VHvEctlmZB
ajVIPCRJjJSlPtE,aBbjwCqWUs,cJkhEcRZyV
rXczqebqZdJvtYL,GqpplArSaz,LZNUqOKrEO
kwyNhJFjtJcnJMr,OJzVDqLeCL,hVitgGglUX
bfqtqsnlZvYVYcK,jeNULwzqys,lQZNnHeqct
MXFksZtWoFfHzTr,jSGRIhDEMl,LtGJtIZLTR
nRnvtKqKDKGJruW,ETTppSrlcJ,dpMgOsKNsu
wdmzaNURuOGqBwx,XxlPWYtZJy,joKZGwiNqt
TJDBNKAHiilypgn,TETBfqtXpv,wjqbJKmsSR
BBgMiMROlEBbqaK,tjqrzoRylc,CiGPDfcXYw
rMTPqeUreYHmpPp,cWHVjiqWqw,PMgibMYVln
UuOwZTstmVgdPjv,fJqZhgdHaN,rFCNdqsYgF
GASBASwTnZzGqLJ,iiuSrcRrIr,HsNJeLtHvA
YGOrIcghbELMQUl,vmVHbyMXWD,izNRhDFEie
kKOiOAQRACcxkiJ,ChtsoCiHst,QbogUMcVmN
zVKnanRScjgnDGu,KgjQgEvPXm,UNfOFBCehl
WJttMjXzoaqmocb,XLafGsquAN,rzrKcJRPuQ
ZbXCcRUSrzGtkwt,yDSbgBbMhO,kJllwRFSeZ
cZUoHvRknLGxLsN,gHZGYqSUzN,RrnwYXTCMQ
QEzPoyNyykOVyGf,JTusyesNoL,WSNyQKoCjp
ToKbWlEZSAYGeyR,HranCIUgYE,WoojIJwZpl
KoMGULCSdarEEfc,qPyvmoPfzg,ivnpxJTkBI
RTOvxAvTHywLDzq,umskXfoZuB,PfXUBCVhRX
EnUcvmBFlSdkVYI,NSzkyJzllU,aFQQfllgcK
dAeiAXQukysbFYe,vdAmSMakCs,NuqxnMyblU
eQJVejdPHqivakF,oUyKrtuHpx,BUujuYuYOr
cJispNEaUZtaztA,iHbIIbacAj,fxjZxRReqO
mBNyBojkoQsOPRO,fErsjSxxyf,rbUsWFMGec
qppnNmcEFnmcxFI,CYyQkBeqpO,KLStFoNDOk
utrzJUjUJOhaTrI,iBYhodQzSk,WlRaoiMbrM
dYgPbOfcpwqKxnE,SFfynAzPpo,EFUtKdFvYb
eqCfYpfOsxHRkVQ,tZWRxTUiIX,oonlTwYdIa
oDoWSnTQxZpaUkL,xDiFmsGWBb,jhglCcbkhu
owlyAOsIsAiWQFq,DEiytJjnNl,CQoNlPBIFY
BIrSrLvMaZYaIcX,EDDaRdbeNb,BlOPWOFFRy
UcCEBDnGmZwsOtU,ogBjOidfEx,AujzQymFHy
dUffqvfhXdkHbIg,gDmaLrgVLO,kwwnpmXNnW
iWnZNshUxdKYKrc,cqXdklcOPR,ALVXYWTlJl
CUUEBHWPRgvJzqN,YMZhZYtEIk,BDsTPXrPeM
PzhEHzVbOMycpok,DgylJUmqKC,eYWdxavXBv
MAOvzOnPtnBeshc,YWQnpTFhnX,iPhhVwyMQD
wPBOoimBOKljZLo,woitlaNERg,HJtEjgnGMi
pVNsrfpmdgqwWwK,ZtNgDXgGLh,sZoqdPxxXU
yJBrMXpTkeqAstl,ZUleudzkyo,BJHnWqOTYh
IhKktCfzAIfPYuU,WPFWiKGIDp,gbDpoGLhrg
tfvnScQjPXEfddr,EeGDRAlNYS,QUqdtLPEnm
fFQgdvxEopqUWTn,dTemZDkWzk,gMVqaQTKqu
TBJJvRetSJrAovV,HoTkCmzNnT,lHQrGnICQF
HjtJZoSfgrPptkJ,mNmQgcgenJ,IGyXMslhcu
koBbYNFKvTQVcDE,cJWccsDzIi,QZGuFUglnl
NHSyDJYoaDVdRtT,emxKIHRlnn,EPacSBnYJD
HviIqHEbAescVMt,dsazwjmVSw,WWMOKKbxDj
neLqDNqkdWxXcpi,mfSVIQpmAc,cmvbGhcagV
qnxYpCUrQmnExvS,SRoyEnIgss,OVVluRuWCV
qEcMSkjAbisLicx,yPePjVWKPf,DsZMaowHTv
ilkdwmWtAzfXHJW,UOcJxHyEyi,SfDtLBkzHx
NSvUjPZjEerDWCo,JwjfknJMXc,XmASNNKvax
XzArtfDExGxarTU,UKzePBIJYz,tpMJZgpxQg
eAomlZRRfYQPGZt,ZCwRrPpFmn,JXBxgCwrvK
ujoEYAyzqYoHLfB,PMeNKrxDgz,TQLGSuvdvz
WkpwmtsAKfsQgbs,gPBUgFIzHu,WUxkaetUcG
QGNXlKsKHKmFnXs,qoVUvYvzjs,rwSHjBVesR
eqptpZrdMywWfbs,YHiuCPlFuz,mNZPRpUXZJ
rtSZPKcHmVRyfPR,neEqKtlcXg,txciXHUNZy
JrlGyPefegbbdqU,XsvcFsCHQZ,QxflsmTGhq
STuHQJcJfmpJwLc,tYNlvuDrvl,kzsRpGtnfx
eOiYoDnoNlyOdFs,HlaQkyrzZy,xZMdfrHqFz
KaPongnwWXTBxAp,DmjtfnMpxn,xRDjkBGvMg
OAlhsKUTtNlypDR,hAcAxARshR,jvJjGOVvzP
DGiLTDjFULyFkch,soIjHVEiyA,ucGMKlDfQg
fOdlrJHzCkoRTEl,ElDIescHvr,VSeKIqEdVK
CEJNVqjIHbgmCXP,qPSCAerRUE,PYWawasWMr
wkmWbrrjtBpxqgo,KnlMQGLyLA,pdNiVdHxJG
iQHXOQxffaXkKnY,mFaLlzWGjR,sWJdzQiePZ
lrjnoWtITGDohYt,QtEagkmfTA,kzuvAvePqW
vYqjnJzwTlBAjOC,eImQJIJarO,ufISWcyJBb
giYiCNKVERZlRJf,XfTjwChVwH,dbFpmWwlaN
ougpqsxBNsGIEIT,EKvoDTtcDK,himVqYrzrI
JzgKoFgpzHFpVZr,EHEoenvxWt,aoDQzfLTMJ
tCseGjhqOUkWEWH,NjEIEJbvzZ,XGSGUizQDX
DuOcxIYghMNXiZE,aBNTnZeNBM,PATPWAjiDb
dmtXnTNiIUCkUQJ,PkjwDqjASO,vmWDNlvjaa
zvxattTFlBoqYdG,NJkmjbIPHd,dURVoegknR
teXDuCdjayUQqYu,ZhUHVveXse,pUlsLPtbej
UcoBAxqYgYzIgfz,MmqSxBOgaT,nqqcfAWgfM
YbsxOpTXNIiXruE,kWWDcFkBYH,ciQjdjiOZb
ZTRCAGigcFFdIwg,iQXkvxdALx,WvDkleoCOq
PoQnfSGurRWOJZe,GtIhIuRLZU,XOdOYZhPKh
CaIFbvkVEhIgPDN,cxFZLBQEpL,IssvHyxTNh
cmmcJwPKJhxOZcX,wTgovSHdkL,RRmMiLQZfT
rosrehBmuJwSTuq,oXvAaXVNRt,xNFAHJOwzm
VRsQztxkJNJHgNP,kHaIeGZodA,BxBojoHKmY
SHiAFBFwsDiPucf,RQDpokniCf,UjQiQLgxBw
QBcQFjqjlGxhjOj,mAWodvDdvB,aeAHMCBEqF
CmkilzIFEDYzlRM,PEQtyrDtNu,lkxblHQYml
ADAfbEqFASaQrUz,wQbddfwgoE,qDoMhWmpsH
tAJzKiFTprTkfeL,JWxPlIpuXD,PWVOtxGUZk
LJGdGFXfxKJlAOv,HHtPXVbVJB,BlTTDOFdNQ
NJyXnIqQxIYCFMR,LeOkVnvLvk,OiDICrVQCA
cxLWfmBChsClDcY,RxUXFNPxhh,qunBuXKGLW
FwHFHSqLAasgIQl,MzIAVRjLBw,YyXAvmMaPQ
CpyTUdzYFdayAaS,gVBSFGFllk,JPrPediNQq
GasRQoznMLxHxUx,RCJGJMJuEK,sRvYcGiiPu
DJxKHdzJghbfdYP,lONyKqrNCU,LzPkyTxJOg
hNPoOqRQXyOICWI,jdwYrOFpOq,TeRfUOMCYJ
HUjxRQNWrZFzzWJ,BmyLgaCOUX,jBvNoyJOzV
gjqTwaVqiYCrAcj,OfjDunraHV,ScXyEZTAUg
NvjuZSkJjYBQWbK,rOQtGkNQrg,bElDRJhgOe
CTygLjxwBxJotkB,dbPwkGQHwT,phaLShYBcq
EIFaaPjJNiNRZQO,oQooOKUnSC,PyKwfIgCBH
ruhHyiLjzCMcAoo,kjTlajEbNT,XBiGGMqEHD
fIKHGKLsMVdePCC,VNWWfWpYUJ,dByLEiNHvk
DslAHgKqCbJMRUg,XPxMmrYUgF,ZyfyWndWOv
lyRjNldiNeRUbBl,ogHquLeiIq,SkgEjHefSp
QMqyOpvHvZjqIWY,dPdQhWLnNV,oRqXPBrUTg
VKcomrFyztEkWTl,qFPTWJlsmM,uFPjIkEBgL
SomuSbNSZtUyPeB,DeftJiFvUe,DDhDfCFqgj
txaKGdMnYZaNugB,SbvHjkZaOO,souQFIfRrY
KWclBalBWMlbeyd,xIXZzOmjNR,gblCLDnPqy
gyFvvgHFedpnnyI,QKXCqMYDsM,evDIDujurf
wmWcKryMfAPIsbY,gqJyimGzsg,VgiClqwefQ
LkPqKmBHnQwZezv,YZjmaecXqj,DczTjRsfUn
vovQhOQoPsbcPRU,mFMDOHyWat,sDkKjpunTt
twCfFJKlBuQPcud,NkoqyAKMee,EqzXxQrfVp
bwmWYoIdYEBzZDP,PvyOOrCGVd,TQBhoWrQQe
FHDEYAAlaJLLoGx,gcAsLxopzy,EuEMoyvitS
zrcsEPTMYLCpeYS,jpiqnBnzWn,hGNXNwjIbw
ajuNzmEqynakHJg,NtVrEdMSZm,kGRGIiETWA
cBxSQYkLxUTDPwS,gBtGaxxQWl,HkobInYidc
CWUzxrFgMigxgYQ,ZzposcxuDL,aDlMnJcbMn
vvTchQpiqBdBZHq,IqhwLzOCkY,qHjAGTcTpu
wSPDxHELuqhFpmC,lvVBzVyHgZ,EUtRbFGUZy
tUTtsXUSJqsVKEg,ViXbQaASgP,mcXlwwAjou
apeTdxRknfHdfnc,JrcUPDIKzN,nwYDZvcovo
icpfZkdWqFpbGZQ,LCqTwoXNjf,qDRDgcXmmF
HPhRgaoqSNOqpCO,FBOwKqtTMJ,UBYmbZshNt
yobVPUivWqlehWF,lUsQsUeYdl,HMumvwPMqi
zynCbqeNjUHVPRt,YnczRTndru,EnVLHrlWwO
cZYjJeSieumOYKg,SxktoZqFvg,sLtvDbgeld
DDvjHKYufBQrxLw,xPOXLLjdjv,nUKAjYiZvt
vcJxfWpwSXsWkYF,zozWoyhONf,ErikEurDhD
RTJYfdLSaZYkRCw,jxcyAWiAxD,uMFgBdUSMm
uWzHDOnMEVJAcVA,TKFRqunRON,TmoJpAfgQD
QSsjUEsPDmiQjHX,lqbNPWXDQY,fhCqwTKSJk
TLxuueJDXCVnUey,nCaOFSbYjZ,vZxSVFhGEz
MXePNXzefIBBvWn,VKVOYsiAxC,VRUfsEkgeJ
fSDYdBUusFQvQxM,euyzRHEKaO,EEddTmeJiU
zRdVDjZfcsdMJJc,ITmCEbbmzK,HocLLHLFKR
GQQagmFbChOrLSX,sloidDcnaG,sKrmPNaCeU
ACguEIEbPscWvtD,wPARgpwwBg,YvJCTAyfRI
vuhLxnTzWUTlqJT,KtlKwBrXfk,VSOJVnBZOd
przFPpiVQFYDABP,krjLevVoxq,SzVYcSQIDw
NFTyGxkcNPmtnHj,PSZlSqGmVZ,KtGQMccFSt
QqDEAIYOPRIiYjL,XPYFmtwDlr,clxZNurAFu
ZgnDPFSLwhqIqIR,mDfJsOzciv,AevpTCNYZE
ZwXqIWqWvPkrjaa,vjqcwJHAwm,RsmeDjQHeM
wkbzmJvAapcOjga,YHTSGxNhfx,nATqrdgRtj
kNiyHVCCgrykBTH,vjcnRdcOZk,ewimTeCVWk
mEyNWdPocztQnub,xlQinrkvZs,CkmNtzHnyJ
stZKjGdTHjxYbrX,xaHHOcTnsT,fFRaMmramc
sBkyjzXJUAsqkiA,vrfdKkcwTO,nsFIrSuYid
EqzQmoihHIIrIev,YFXLPWBJjl,EGIBgDjkjQ
UweRgLEYWklKGMg,SyVaKcAXej,VOcKUooCfR
WXmcOpUhhpuoBCl,zbOopgmWhi,fRRQkBTUPH
BOUHRnCndTbpgQR,dkjmhWluQr,AwReZLEkzP
bQAoPPFRhrpHawS,OIYlxmVIYP,qUCyTjRzIc
QltdhAMrxNUdNUr,QfaIODHXvE,jDfiwRRaFb
WpivjfNZygyqkxb,ZQIZeOUiZk,mgpMMUVKQw
rfwlfTGpWTTICed,bIdwnXoqww,AXQWbNxkMY
EYAKPGJnPQAJDBW,KrkrlwTVWY,RsiovqJYUQ
wVxhrZaiUdOWctd,CgtvCRdDYP,osOLWuQhna
UyUGLBRhQCWJonz,AXNzCPAcMM,CjUfUgBioE
waWHmXmVsiithsj,maotUnvMEN,McNNIDLawH
PtjIveCEFpdXTwX,JMyMuCqyXD,GJDafOmgQU
wUbWXGluzXuSZrQ,YEAMfmbwEV,wOxgsYmniC
ZJMwaYqIeoFjrUU,WWoDWTNHnL,HuwCxFyZec
pRvewRyDlydHGrP,CiFfsxIbLy,CKXhhJzSAX
GkVgBfoibsxVDzd,tIxrEdOOjv,JuONaARebx
EIrgdLnxyHdyIKf,VlGYbwthMz,mIBAYGvkFA
SbICUsWFliXSZlF,UuyIiQSHQK,wvYUVzspxj
BdFyvtOZcDVkQMk,qsFHLVFFtP,ekhtiZXCqy
MNvxqmjbDHouWTl,frQizGvIFU,zIXjdPevRh
NQasJFSeDPBdJEC,LtKDGExjFP,JaSHkAUmUA
iTEzorNdqvyiNGh,nWOVLTpskO,TvuvSGSabY
ZPHHpqpjWLkhRNQ,wVERmwPGal,pCXZSxlRZx
KmgfkSmARUoNVKl,CQpSKmHwLt,iHaOopuaZf
wVJCphMTVYsWiXv,SBgVWqSzqA,MBlkmZNSlR
djBRbnjxDVUaEop,PKJwfvYKvu,lcLjxaaPxr
YSRoBdlEJcSIGWz,lfSVTXyGlN,rsYldxCgMl
pRLZQEpTjzHpVHs,qSRLfSrOjl,pCtOHtOyDF
JrBEtwnfYVJlXAi,tbvmExXPyq,ltkVUSwskl
DTEKLpnVzFEQJqS,ohvGswUOyt,rRWgqWMerM
NRKBgXHPlKoulHd,EakFNDnZGe,LvWHcKEeFT
qeCIjyisCQWwaeF,AhNGllnsXC,UrIhdPxoPp
hVAcUpffTuiTfcO,hthDmOflVT,rRNMjTwGEA
GZgpOUQQHOnTlFR,tafycMQczl,zfPMyQSAwt
qioBjJUgjRxwLBg,jffQzMuCpd,UTglpthjwX
mvVEosDtlJRUHWz,mgFeewrDgh,NpxDyLRQcv
yNZTsrkKSfMKSNU,nqeuXpeKOU,mXTUmpjsLW
dteOqTWkVeOqgPU,JKBjxzVuCX,lTxIenJnXs
WauQnuRDbPGIWxR,zwYbzmccSU,KNJmSatFqc
CrlTRXylUiOgMbx,ZOvjAFSPzo,EiLEcUoqen
HfJnsGUlUNhDXDN,TIMfUEGxis,TrExQZZDBm
BDWVUaTJpbHgzHA,FqUNYKLQoa,auNSRMZbBV
YmEBkypIzATHDxx,uTTFrmhMuM,xMMWHsmJTP
qFUwiRWAOVEYdQL,SIkZUhGqux,MCHfGVpSPR
WGZHletTrZRGmhQ,KFyBQEtTEH,BGPWNPwjMm
tJuTlUwoxjGrhsZ,AVuaBYDObH,qIMAwjvnUH
DraauRTmxPiOcIj,NEkYliSZQF,xiTmouOnRO
lozhcSUtoSMynZC,qFmNzWpqQc,zJujRRaVTU
uZzCzEFayMsBkIL,HUsEKhQovC,HJoJSfIgPm
iSVArGKqchldfGN,vKpHzGPChG,eqdUuJpAfd
gURmvpGTsAyfANo,bLGQDtnVOy,QmKrnVyUIY
CBvJOsodmKjUNSw,tggiksXFUC,VWCbLPIzyx
jXvLMaZMSrVzcao,auaGZahEmd,fmaAQbYIOa
ugzWPnQKsLYwCLD,jWYAtEFLwo,COwwXuzKWE
bUDgkWUyXzyxpCW,qJyutOqFKU,coxWrlFepo
VldiyVdsavMIYzm,hdxrnwYaAX,UmWtAcEnjI
SsZHlZdLCbIGnab,KObHwjtGlX,KnNXPHayaA
rTntrmIkmCWxJny,PznBezHdnn,eSWOHzhCWF
DmVQJAEPDpKEGyM,skaKWatwcA,dKgvvjkaFH
snKEHilKViIGKge,IGbkhDBFZm,XyuEQbEYJL
IgqjmBIjmFvXqic,CuxENrXuaE,bcuFrysWTJ
HPZcFkUbyqOTpMF,UjsVkqwPaL,upoGtHyORp
dECenNRMMSNGpxn,zxqzexHYCo,wpPsiemwbt
ujLuuyVXeTrYRNZ,aVOOzVKJRi,VsXZezTtRc
ChztAbpXzDuwIaS,OQQEiDsCgQ,xDtzgDuQCA
aocGSTHqQWIXbzI,iMtlTuAZbU,lInyhAcsSv
MHXVTSqRDTQyeuR,XtgqDKDjOS,jVdcfUFQXN
SCOBlFcOYhInnyV,SvBgrMGpIG,MzpuogohOf
XKwHIjwYbpHCqSs,GqXpgGpBtI,rRdNyinYhz
xblnYTyvCJttVoR,cpoWbIzQhd,rgpxgLFQUv
YsAZHrnoyIHbzEg,xrBPChdhBO,igDSiOpBFi
ttvIXnntAhnVcQo,rbHsRVaCXK,ypUlhUpQsV
jViIUFUdVwITFPw,nEnBxVUult,prIGntvoSI
sNtxvuZnoCevnoz,imTQtPzPJR,tTIAIgsFlX
FADFmbkaXShsVEt,efftfRFDsp,eXDTrRiLOI
bOldMcHvBzyMVBC,HsJTpSJALV,iAaKLhDkCT
aBVskLQeRrfzyUC,faQDCYxJqz,HOKeEYuBXF
WOitNzfuHQXkKOQ,aVFZSCdCJx,YzXVPepBpk
odJJvGWErQvyjzF,kJYchEiyHE,olcfnTSomc
WOeCjJLWQszjwbe,iNZpEjFUcg,QhvHOjoTOS
ikTXkYAcAapVSfi,riRNoNzFUP,DRlneKzrHl
fxaZtOtBDimuyXZ,KLSJtieEDD,hGnXSiOstp
gOpnMWnWzxjUgIH,LkiMQuQCrL,kZQphZygei
ZXmIZVIElnBRbzi,whqzUDDCGI,FVsWklVxQZ
ulcaecBxnRprvcO,lBfJeJmPOk,BuarqRncgW
dPDxbedXpdVGrPc,jTGvyAMwih,ukthCBrcxZ
AahnBzYpZHIehiu,MhaoiFOiPN,CFGmcDESjC
GUJibwKQODwneBH,UmaGwvpYkN,xURzMkbrcH
gQLwaKnWGJxVkIx,PRFQNLXsFB,JWeIeUtQqV
znjeplevBBMgDGn,PxKbmjuADu,JrfnEsLHtH
ivNAeMWChzaWiiM,aMHMnGumun,vgrNQcEPWZ
ncGXACJpqpeYbeJ,KulrWqOTEs,cjeAqwfWke
rCxnUoWhVmvTfxZ,SAniQdtrDi,DlfwzZNTqE
kNOYHcAkpeLQbEI,qVSMQkaHas,yafdQmPczH
GzQYqlptIlXweWz,eePHaPcCpQ,jBfBbkaEcO
blCWNaTnMNSRnyY,jGVWbjRJJl,tjtPrqfFvo
gNzkApxTHgRvJbc,xPkvuVbgeP,uvemPaIytZ
aIUUdkXwerywvuP,yOUjWFoTPf,oBBqOcrSOd
xzEuhXPwzGpzsGu,ONcqIVyFxE,oyKAxRrkjo
vUwnOZXRaohHFGG,gSpRggYASO,FtQCLLdpHz
yGZvmXgASHsrrbF,BeGOPqlbtr,UbCsFPvlhF
sAJHizOTmtlMlYc,kfuaZswIDN,fnvhgcdZZe
iTMsxYPqsIyfeFh,aqxmyXhzRU,VeAVuzWoNS
YTKckuDzBItVBjB,yNmrzsYCWn,pQCnNqUIGi
kWkZcxGFDjWACrm,ogmfOurNQN,CawnIATyAx
HurVnwIabIzREXB,RQrCxiCNYd,cmTRevhvVh
caSNDDnohgVmhLH,JortTmEkAU,sweSgazXVy
XvYboSkAtcIboBn,CXAeWYDoHO,ZtzloLISTV
VgFalfSIgTDOFtS,ATvgTvHKOw,SRppoDfaoI
agXutnpaqEhfrxT,WybbvSuCWK,ZByJIxKAsg
vAOJkcfJpMqtlnV,xaWvQQZgRz,uXjUowvXuN
cTJWCECNQrLAfRr,BmbELlzLNB,EInpMtZSci
UutZFeUYQmoUPhv,lDpXQKCATg,zaGnqnXxQs
mmbJkupRzXMsEVE,YaVAHczxRt,wzgRNniagt
VXATSWAkUpKUTwy,eDGpviMFwU,TLyMSiXTJF
qyrMChqqwsphVZi,lrMOsYugkD,znJlLWIgEa
HmibagQKReFvoRF,XeXPkqDvML,jwqTYPdANr
veMAWvLFCqlAwzt,XijIcqSarc,CzkAICbBoI
cGHrxDTKvmGCjTl,pCZLRXPzLG,WZXKQKyVbl
TDxAWnXtEODIwGN,FMAtYFAMze,ykiNSiyfNt
QLhVvnCVhtFPPDm,fFcFcKyKLa,jrtBasifVR
OonfUtlUuJeJSZJ,wTsFGKDlqn,ssjbMFHPnn
bjRnTIfYYEINEDF,AmTeoAvrZC,tkZJsvkKJe
QbuebMdfUMjyuZm,TqgMeRrGKs,ROmWDdwnmC
MnZEbJYGZDTQinC,wbfVXKWGQT,EawthQZwBZ
PqRgCjqGiDcDAxa,bCKXJSulqi,wJjxcpNSNf
aRexuahOXfPtteN,wfTNaQoXrP,UwhshbxPjb
RRNfJHplqPucuIo,vJJfvaAidl,skttjfMNnk
pjOCAKSJADxtHfi,inhMHjTMvo,ymtaqtRfTz
kWnMWKndYLvNdfW,lxrOraQCzZ,XJzgzqeDli
RGGlVSvuZlKZAoY,aMyJcyiHNq,ioERXUMdlB
WnLkFNpcDrOHCrS,cfoUBgloAS,lLjqUoZLXE
EwxFowgKWwqAPLn,VtbUSSLxYV,YlkgEGzAEw
tLESnMKWmkpzree,PToOuCejmD,KUEfPwIngC
BIoNlnEfziGeYUC,aPNFEJkseT,RfBaaYJazq
fVsTmxrRwlXpxGJ,cArNxOFPIx,HaARLzWaAr
XIbZrrVuGLiXBpT,OsdwGzPvEP,MGeWYjnekZ
CEMhyQzelDHiJnY,yxPbgjceIT,haPxJmoGTf
favDscprjtucsNw,MIKWKBADfg,FVzsiqRpqB
sRJIQDFymUeKeqE,etBrmixfDE,ReGspeTqtZ
myQBcaFIHGKAlwI,dBIbrfTqGT,ctSKtSyGer
iEcFLokKmgBrIsd,NonkADllms,AIBCpLmyLN
VVMjdsDsZOohtCc,bGdJMJfdBk,ZzTHFRDHSf
KgjHyxkZrVeuaim,PdxOOxWcuq,GPpFCrBhiv
MYGhHwZUmJPayqf,AowcSWMsmj,NzXOnRCyrk
hwxSddwGMlEmvUs,jjgBKSDJhV,LEQtKJNdyD
NZSivtFsfqfvVxq,REQuByGDGw,XnMQLyZQWh
AlRqLlPVizobGqd,qbZmziEBdW,hsaAXzgAjn
YXrAHctCrgvfQVh,AlHrXwchza,AytoTygSbb
kesPBZPspCMqHBk,sdPiVxZGmc,LAIRWiDxFa
SUMcscgkBJjIgXJ,yrWKYfuwqx,MzUEvYDDBu
lVGZZHzIZSESRHM,QiflUPNKYz,DKXBLmLSiT
AIcUCaTdkoWUztG,ObHGTVZNhB,HCmkNlRSlO
RkSEoPFSfjGvkBh,IaPjYwevjo,VrUHFQOxLb
XVdMctwzeIbWdFs,LGnwTYVsil,ewiXCTwwPw
EcjptGaRFHvUELB,HXBYmLwTez,QiBGjnlieW
kyoThiGxUdATqno,PSgfyFLXiN,KifEhmblYU
yUVRXZtomuLKJys,KQFrLpZiJO,TnGWeOtZxZ
RvnDAsqCXACDgKw,ccnWjgnzpm,WEKcKscfSL
xsVOuuzyFGtYsmb,wbRhFWpCtH,ukVILojNgz
FuQYqIBZUIbMfcL,viZSBEguGR,CZEwkGVLLk
OvQYKPFakhzgnun,DQmUNISXRP,qQdlrHgAHq
oQXcvSTkPHgGbut,NmRddwKhIu,riFpiKCmLJ
ZdVZKAwlubZeZmo,cATXAHXoJh,GXOOokuhrj
GqCNhJAprJdPYtf,PTAzenGYPH,CbkzvKrIEV
sKBeKMXtRrPgKnq,JStnsXFAvM,xEAFEFBWvx
DXaDyXgULwpYuNi,QtNLzZgxJJ,GddAKeltVH
mjsUHMikZyZKatb,FoJdXxrVWR,LsXyTAWYdY
qTWcHmaJAoAOpco,thzckDoqzN,UyCXdbTcfS
YJnMdOIzokvOoqx,uVrkwQbQeG,UPHRZExruG
TToIvmiEgGERUGC,nWkzCnyqfM,pSUZueAJFR
ulWrYjuesAgAxeC,bncExuxSJa,MJxmfZifEv
xfpczyyAmqpykRP,oLofvsJQEy,uHeplcrXit
yShXITYgxayLCvT,uCwFEWkeat,MlPwGfbGIG
FygxdAxWuFMiXUb,RHlCsRwwqx,RnscPJFWMT
vOsPSzysBQgcPuh,axjbwwZYdF,lzCUhvlpbb
BpNHyTNHXOrNHyk,GvhVyhgwCO,ogoBdXUaeN
vxhGKWcLDJZJDkR,qWpwPdcbqf,VHEESIMCUC
MYjEXqsKjjyJrlR,QseVueJUkN,euuMyQeHEr
yJQWEIwLJNKxnNv,wfTFwOUOik,cYKmXUfVKF
ijjyGzBcsXZqWXF,sRYQvzSkgS,MYvBMHxRsn
rgjvbTmeOJOPkON,tiFmBhHKwC,CNvzYieShv
ncJqsZqLiSrxKBz,dbMrHktEQS,LFfnhhiQeB
NnPneWAMeWhbauZ,BeCrWQqwti,FjRwFygyBN
qiXusKLQSOFDLTy,SjAZroadjV,tIVlhNEJQA
kuWsHcGrPUsWfXZ,ezrWrHTVxD,EixvxlOdFI
jWeyORovKujOtqy,HoCNTlzTgs,AbLVbaUuKO
sqkAeHMBwwPOSHK,wDYNeRuBMB,emTfuJbTAu
hfnulysKSAfkrKr,CfEhFqbuiV,WVREjNuYSG
NrYaOZUNCokIAnz,MVDaokroGo,mymZSrnLJJ
RinZBCNCuBUKIdd,CaLKLDohvm,NXVRJuSDhh
pxIttYDHDLNzBQY,wZlcHmEriG,teEAuAMkIJ
hRivWOJKaIOSoFV,TcuuawbQQV,dXdHgAqdbE
XufubBfuRrVXuyG,CWZrPvMrAw,drpFGaXWXm
YylqdVuwCQidQJG,bQRfoRFDmy,hBfoFiqiJO
SBUxUwctLIuRsPg,IluYXEouVV,eUkcLLORJO
wihAFdKJGoiadCu,rMftjAUwkj,LnFSkgwevI
xoSKspMtttniZuB,pOqpAFytHk,kQblhGuCvY
InnvIjrKCSeAdKx,fxgCDmBaLE,rUAxdxUAin
FfnAxDrhctUaxQo,jBFlsNtLzZ,oiNKDbEIhQ
cSuuXBocDSbVplR,FwRflhEndS,aDHbzYqRud
qCXHrQdHJvAGgDK,MvIPiJVlfI,sXfKAkjTxZ
FaLQYbsthbjFzNd,xvBpvUiAfX,gkusvQqepX
QomCpqPTwpCHJBV,TJMsRwxVzK,hiYmKwVsCE
QBPLoZgXlIPKBRf,XRQyPbRCUo,MgHDOGqjKQ
HxZADeqNqItJkKo,pTkecUonsM,nocqtuaAlL
uZPBrkvMzXYLTDc,abENkFoPIu,qHCdknqHxi
pThtmxkFxOQwkWi,nbdbmhlaMn,nNscgHIcsY
asiAshwNyaYmAhO,GwRDMkMmau,ItARNBpfvu
PpqFljzMaFqyqBe,HcxbHfspdx,bUvIWgsuFK
LFGIIITENafwtRQ,UgzlhmKrqn,CWAoofsmdh
uutUyohxshmhsxI,NehdgdduAM,ELhjVUafgJ
jmsTQPYoPacnkfL,BrnObUljyl,BQyvSYZiVK
ImoPwmYZGKTTzcv,NXszYlFBXG,dFEgfKnueS
zlJOqopiwgCYHvg,bCKECywyvp,cAxekxvRxE
PjZHxXFqIgaBxWb,vXwhZxUNKn,preZyKeglx
zcTvpAMOcXBtsSB,pxzaAfNjBp,VlErxdXACl
lBUzlbfgNKgRmAp,lCBqzZcXbH,FYqKYMwsOJ
HiCkdXrPMATRyOj,AjeGDMlqMb,spvQcKcKLV
DDAkmcXvzAgdLFO,MyqyeRlHbb,SMhEOHpLAa
tpgmjfceuvDMRLZ,MNCrJxLuhI,KsfTAjHTlT
aruDuMoSlSwdONu,nlhjfsrwuO,OksrEifUHt
dnvIGNkNsoWvkVv,ABWsoOMfhG,eMwItdJTlv
JWVoEOpYYxkutwl,pExLefWZXY,lnxBjHFUqB
wZPixvdPhfWiPZV,eqMIsDInzJ,ZnyPhxoVPI
vbAwMoHzUhTozTM,yVPcMqKXZz,zDRGBgzolf
PJKOUSeLPpbbUbd,WXkSbYXtjt,NQehaduUXP
azBbzVCUfSVjswS,pKKMqxhvek,eqwcqUWvrV
WHYbOHBHGChyGtG,oGyuPybNrB,qwjfayJxrl
sXwiNXkQQrQuoFl,qlfMyhsGXS,BVVWBkJcAV
lfQMvGNVAKtFyCa,VDucLdUPzL,yHKjovmrVt
VEcsZcBWCZCfgqG,NoOcvwHLGP,qZfZlumVtB
NZhZiULsAKLOhNH,UzHFEJVhBM,tQdsaHvjLu
jhxlUzsZfcCbmtg,UoZmUUfdbR,INXnjKpZFn
PeNOhmyIvapFPAu,vWWvySuJVG,uObDatBaAc
ypZUcdvEMEzvAFK,ihhwHjCMMu,MBwgLEgASS
tjwYwYwqqTMSUEd,zDfQRkGhBX,cgYtPxPhLR
SRMDBvVThyiptYb,vIXDZpsHyd,OAkBjJYuTK
dKWLnrdkeZGxoWo,tvxpcVbnzD,eRGhMOxTWY
TSNoxxUqvKvwaKd,VOecoZQhrZ,trcoVcnziR
zIOykrhngtTaPFR,XHAJObsMcr,iymqhiRavs
XFQPypfNcLSpqTV,NaPMfeUIve,ZAUHswgnVo
KfZCGEHtJSLdvvU,HjwEQxnwkD,UndWGDHtpU
fleEPghtIXVeZum,AGOQONwpib,eyqSWoauWs
blHeWchhTycFSKK,LCvhDFNLHJ,EfJfCzTADT
zsCaMXpxrepbWzS,JPmqiRFrKE,ObYKLqdoVt
dGpEHuWoFSqAXvZ,wPdRIYaCio,ziRGAcMhsB
PnlrTXNPhQFYcfG,wNhJneAojo,cLoFdsLPmy
oRtcKYwnkYvcKiX,GDtJWqpJnX,rEINuTlUXQ
VSbRvSHSaxjPSeD,IEAKTvsekn,afKjMEIpAq
VXlChpXCFUJABgK,HfcOmiAigv,pvrWMqyJOM
ucGJbOgzPFuGfuM,dSQfhLTlwP,USpYicDrYR
EcvtjXLemeyLDxp,hlMClXJDwV,IobjcBkybb
jotsxdNZQqfKdDc,RgDlURfxKY,TZSHMfwSCF
sfxwbqkxNWOlAQN,HmJWbZGlrH,gtyylrrLpv
PMhHKDpSuiatrqx,awFIxVElQZ,McSJQJfiCK
opFmktwLGxqkQLc,YnXOwFxQpl,gCMJXGIuIP
kZRcuIaGydlCVGg,eXFJURfhgy,xUoCywTKkK
gWciMRoSbgaJLqq,AFKuLuIhiP,eJzvRsOgIO
wwExBNpKjfnuRRS,pcWdmBsvfA,NSbNyZLilJ
osBLOzdSrhEYrKp,iOEsHlhYFj,TQCrdLhlcc
KuWDbyzrtBbfWdM,CHCaIMHrnR,enqVcgZHdx
GwdvUhUOdNnPdTL,lehwtPfctP,kKeFZZQBLi
CBXETDEpeLdbBCw,QZukrZegLc,DCIFtxxjuA
TUzybwOenvpRmTJ,hKLUTTcegK,cQlzhApyjR
PMIWsdJzQNtijky,MtxTJadvaD,uhrKqMHFhA
IBZETzKjLcjkHml,BDjMBATCKi,kmYDXRTzfW
xZItfbfZYUYWhzE,AOQnXHIKzn,pxrWupzzaO
BMwZqoxGGxseEnp,jGYZprzZsm,iqICkcnNTm
qLXTXxNPHBBumqc,mYrrTfCASe,esFuLhHSRy
MZvdtnWmweiZfey,uRvYKwxGmv,GNZJGKzLJb
aFEEUKQePtzQmeB,fNtOBXCJkY,BJigEvcaEZ
YxdlpnGDavbRJiM,MRQrkikivi,riuOUqtoIx
SQzYCSCJRCZEXSJ,INzRSzijzx,rLyxyODzXB
bzjMySLRjAtdozm,hftMuwHitP,fOavgrPyJn
HxrSMlzDtbaXeEK,vmffqVEXBl,Pqpgxsnnyg
OYeEEZHkAoipoqG,xvCxaSjywe,gMCsHDfyQL
UiRWwaPbYheaKxd,OjEJNWBpIB,eJGAfNLFWw
tiXZBxJkeEZDuQt,MnwgHVMIsw,qvfkKFnisJ
UGyMJJhkHWYlJui,ffHwxlTtNf,UpNEEbEfsJ
WsinyohoeVBcNmK,opMVyazXUw,sGouMmReXJ
vwfdmfmIfWUrMtH,HAvfQnTOFQ,UjknlFGUxQ
AUCLQOGMwfffMKR,GoSrQRKAcY,IKBbwlCppV
DzwhROxZcuOFAwE,duLAcCjjfU,zKHUJsgevM
VJyvPSoyqxHtytR,tdImnBmGzP,zXllYeTdkb
dOYCUHuVnIgyplz,RBrepOAxuq,vOFBIzQvyJ
fSMplzDwZDqsXGK,epTFNpMNZc,yXWSYrGOmj
dMCrReISMzbUkMR,xhVsdjJNbJ,MtFNNgYULN
AABoEZTWOCXzzhF,eqhjKeOlce,KbrKrvhkkV
SFaDcuzFldaHOKz,CVGBMNIOxR,cjermwWZYq
iFxnzAEiaDcPIjM,yhRNuVDYrb,iAfrYPCqXG
yznzGYVUHvkDGcU,VDpNdtucvW,DHTaENsmbY
uHCwuvALjBrbVAg,bNCZAEnBcX,jVwSTGuPmr
wbaZpYISeOQlGoE,EYScZfQRqf,ofIdvkqFIb
uelcxSonLpmrjxD,JXcPBxCEsS,ORXOqmHqhA
BnELcnRhjouqxsj,ofJXgJUMJt,nfcqWkWzMd
okSthKRMrybuEnO,AMNumYGqHt,hsbzPwDnQT
trAputpAhDZMJHt,cVgLZjmOaK,lkFZUVMACe
EZVkGcyYqlqxrsl,EghuLNQuJQ,lgnZxtRUtm
cyqtqTPAdaMgEQz,OmKMWSgJTe,ySFIcUONga
qJMbfXyrDduUedl,lvMGVznjmV,msWsodcSht
XBQAScYXmdnPUqR,OgXCEBAcfO,ZcXyNZSYHw
pcPjCvYICCPRFld,hmziMlxwmW,BHrcFkCtOR
CbKiyZakfdijNCH,DxuQecvnfv,IwhEGagwwE
ouzZTZNfIcZERKj,kbxrlqBRSq,ZkSAOutgEE
etRUUZvzCstzAlq,FFKGhuBRvN,IKiVgHVmsK
buyrqclHLSrSDVQ,YLlLMzFxDi,FSOAGtgGef
XxEylVdWLNldGaD,XthFDilGlw,zSbZBzvbcx
IhNwCXEDNolmtBA,JTwhPEOzjk,wbQdQEEmxb
UijxkUxEgVZdAjE,abMAqICHDN,bNxFFPJJkz
ncMKQxHJCcobKPa,YCULAYRXvj,IUvBToiEru
BNrPtQztUcdtyIH,RCnWmTTTrq,UCQlYpArBs
xARRBGCXtrFRMDH,CwEtsDPLLs,zOuLcrDgTJ
LyFbCRKAdGwJwgW,NCZbwcVibc,AgMpKSgole
ofCmvFLPeAbgfsf,pXdwVxFhHr,nxhTDqyuJt
XYAvkGUblvJJhhJ,RtaYRrNSyp,tnbqoJhqOZ
mDzscVYwdNQVSEG,uAemBwFfmK,FWrIvVVdCh
aluRljlbOPSdiso,JJmAGbIZmN,pwnIOshRKR
xxojYdGdaWDeZcI,xQOGuIgJGE,wiiIKwWVTe
blcIrXYjmdUsCWl,cwouksONIg,egzmCBfpFB
LquPLrLSHPUlxFz,UjrcYAOMcr,kdniSYfgPz
hypvQCpXwBwGmYv,JVcQNusKwz,BWRRfTZLhe
HucmYiJAIeIDCsZ,bdqkzmOzrB,iaYekJfhKo
YZGuSdQqNGVIvnl,MPUFUpjiBn,NgzAOlGBAY
ZlVlJskZcIKrbTk,ExFIuFYiAC,dIGVtZXVvR
mNpKeiTqHKpzRKX,YqnTCaXCFd,sNcSwXYDSf
mNthVdSODFljotR,IRbUpRflzw,eyfdXCYBzF
MCejQhdbogzwxXA,ayfLQEoQDQ,fhzQNfpJjI
nsxOjAaOEplwcPI,BwKKZJlWsE,PwTKnNIlYi
ppwAwyzmkOgilxM,dAHFwlimLM,RqieAwhCYu
lDfwXnWqFjMwkKV,AvtScELHsB,oGEdZHsxAA
UrJEXnYeSGfmLWL,WWTyVEbsTo,winzprJIXr
juWibxYAEuRcsEb,gnKAKSTFlf,dfJGpneXVn
PWGfAiAGgHbSOgZ,wjZSkfGmSs,JacothlrkA
bnkKBzOpDUEDRdz,FnFRzwvPhh,TpovOgQtrF
PEvxJILuiRsfQcf,BewLlcMTMQ,otHGgGKtHJ
ujothLAearDPaUn,EldNFfNKgM,JkNLDtLrOP
wSTnkxaoLQPhidf,bYGCiPwvjE,JZRvxJXaEI
tyWPJVDUGCiskEC,ELFDDaFXoF,vVkQVbsTik
dTJEdDDFWkCeDZF,hSxHIygzwN,bztnmhHolx
SgCtDwqKlvuqItz,BdKvYYPNyb,lJBgtOarrI
huWispxMdmcQLTd,ZemUZfXdbm,kvebvSfhyW
sHznkNYbDjDlnLK,clpoFVgGFH,doEgSoaKhQ
BmjghJydAjQsZPf,ajvgiNlTPZ,MasNlilYQn
gwXDwdtreoftUHt,UywpNctEPL,oRPUYhFOos
tCxXjYQNSkrNYhU,LsHKqvnIIZ,POMPiHOVgb
OMThmwSpnzDoTpD,yneVKvhbkf,qUoDBpaooQ
SlcTnkccpXXcwcO,xuDXPBwYDu,AgYQbvvJJX
cpJbUMVhTAlWSSa,rXoLqVozan,QFFGPXGXSQ
GsJkGMiXJNMmjbv,lcJjVlvmwZ,nbdGsBzFHf
mIOkwwDAIiNeWuo,nIQExKpvJr,QgnLOESPRm
yvTQXQiOmBGiLDX,DTbBpxjPMc,ESTtcrcuyj
ymhujpYzmupVDGO,EbtCmYoTmv,sWUxZLKNKl
zJyKvEoAwMQWmEC,cPmRTMJnZP,sWhBsGprje
YBjNEgvXLhvKgQC,RWfTKBWrYi,stttRgccGZ
NvjyTuzyuuJiLZt,NPpeChsLqi,nleqUPhVrS
YzyJJlNcJRZVtPY,FeRtMeRsbL,yxzarqveTj
tYqliYnCvTUjqrA,GBvDLoboSi,ZJGSUkiWmq
BKWxFFNcQBKPhGm,gcGoTrYQXf,JVOeIpQcpN
QaobPMYPkCzaIfl,FzseUYehCq,ILNmdYaHXh
HUygzlaFEoBsqNy,BWHtBXjrGK,CrOJfhuKri
SYbQQCsnPOFfBLG,RvuLPmPxCj,BfBZYydicZ
pwYmADqJYnuleeW,QhgLgmDjTC,McLIEvqRHi
gVjyxcJDeKYfrvm,SCEIdrPyFC,NVSOgttGsP
mOKTLzrnGUfLhpv,NpVAcrAQVS,gjHOBQblXm
IPtDKIsxElHdpEm,SNxwRAVHJb,OnHyBjpBTO
despXNwjMBaGblj,DDStuauvBB,dLZuKZzaJN
OkPBdoaNHeakIjT,sANlmvXtcy,cmWpmFEMBw
oxekibBEtnziZsc,iDdngaMLqI,opoLaCgoMJ
ZSsyBxNzvsTxQyz,SobbFNtnWG,rRgqscaaRk
yuGqgdFHBxtziWc,vQhDfKXvsD,wjNVibTMLX
CTcwPuOvKvppbvY,OkliugVdez,wUiKUDfnXl
OqPzfAJBsTeAQMJ,pPmiHbKkBo,MSCxGagRbe
OoaviFybZIrprCt,rsmCpTRAGk,rtuhVLcbhq
NyZygceAYIoDOYL,HmbTPWQhLr,TLVShVOURR
GPFltBeGBxBdpIT,RkdQpNtXWL,VpCSGUFbBT
BbyWXebsBhsbyDC,pfunGzncDq,uYRalxUACx
cMaFkdeZuVBKOIu,uXurZKEwXS,qRLWDBRenX
nNCKntDjQBznXkY,mjHqwClNIv,xUrAoqObMm
zTzvQatZSsnKJCw,SgdNghYQrj,UTbxZAiseS
vVihNyTfFGUrpzU,JYrwwGKhIx,PPySulzcvz
jdYOJgkNmZhUdkB,VUJljCDbZj,TCecWcAxCV
XRrxkDzdlxYHZok,LvaOjbFPAe,aeJVOccTYM
pemqnpLEgozgURL,OUbrbpuGdH,mKxfUSrXyY
wdlGCToeOfGCvJE,fihWoyHNjf,JYQCbltiay
ETYpHGVZAKWOoil,GfwRwHjEJt,ZSHsQPtQHR
byPOCkNdUZuaYXf,NjvNuNvKOE,cleNwcCEWj
VaJHQaUyShxzgdg,JxnbcDVsBS,QIomcLOZwp
ZLFGGNHxDmFWBcp,DxSEMjQmAc,yVQtogjPcn
tMYDdqeGbKjwXvs,cflDGwybeS,MlMpFAGNQK
FbjRjxwMSPESApG,klmbHkgfTu,XsFjTOFghN
lrGTdbMZsxKkOqt,GLJTNYpiXg,VLhkeGXblX
QgBsyQtcTdYOUon,YCGpETBfRk,svROzqguau
WmhNThOImgXnYJI,BGZCMjALsS,tjhhvEvbyP
HNuURBiDjJAkYbv,RYjglbIXNS,mqgTvDGdhS
YnxpNcHHcdcAqqx,FPlWuHNBYL,kXBKtVFLYX
gBKAnDSGTzEsOER,HrFtxIoCsv,Uafzromkox
YMEcyvuTMZpvbri,KSTGSsyzty,nmWgtiosJD
uREuTUmtmPHBRQe,UfchHRLCll,rJIgDtEFFp
ZerOotnYJKlqKrj,iKlvPUHFoX,pvJmJpebvi
CzGFZsFRCYgbvAO,vfAdCzdAwa,lMisPyPKBX
LvVkKFgduDxBKOn,TwnkoyPDhs,nFwrUriqjx
ooVybddjNIMgrUj,PvzJSHgTUU,OtzeJQLWml
rwcxilJmBFSOvHf,SAyXbXKpyf,IenRyxwaZD
uyBsZBDULVCftlA,jiYrzAjPNs,oXgXChfDqp
uErAmPWTyRRxuFd,HClxKbtBer,uBJtKKJEny
UoPfrMfNGwGvbfJ,goBXSmsosB,CAUGpUuntQ
dBYZcaWJqacHWWt,xyXoKBbnhg,rEVqLHnkzn
KzVyiFVeDOHRNtl,VzcAnBQAIf,bxEYfOzkxQ
DByLkVuUtyziGFq,VhiGHRvTHF,gYXRxkEwFK
bXbKXgVbWrzdqvn,HNDeDoNjdl,GxozvFjrLX
gVZcVDFJPezokLH,kRHskxdYIX,cvXUkjfaMc
IEJumPGdPOfkZNi,edvxELbhIX,wNULQoUvfa
uMbOYfABmnMWsCd,bsVPhCSQdx,KfHNUjDBbH
fcrGAdZzsbsXQYz,rsWXVGhhSw,EBAxvFuWyY
FPPoDcSdosiSGti,kCafYJfVKe,CEJrBFICTy
qqHScwyFAHjrnFJ,pzzQXnJTfk,BGYnpvcfea
jrpxRSoGBjErkrb,zHXnPArDOa,WtgIxHmxMv
aWfNOJloYyGcpKI,WptoAJcvIU,HBRDjLTuUi
RhTeKCGAsissaMY,ZlaHgKDWqx,wxSFeVnvxz
YlCameZBrakIxhG,EsLfCvqlEq,FkSxkAQxrQ
BUytkMbcZswVdDW,KEAnZVJYRy,MBtQaIHCOq
PnRRFNdHZWOmRNb,HGOBXAomEP,CdGJbmBFYt
iFNKdaFTTgQgTYU,CDtITqOhCJ,HCghuFKoqN
zbkllvxgKMSGaPI,uJNySpPTFZ,EayjQDJVwe
qHBiPcFlotxAcBP,cXiSamxHzC,QXrbBhbRbL
yezFinrZwARfFMd,ITrcvlDkUb,BlGYScMCzb
iYQqquLjEkFsiIh,GngryOzfZg,RnJnqHEctj
hfiHzXfNNKwFlrS,QcvkUHdKOC,jZasBRfjPC
nWutSANHsEPqjAV,tdPUhKEIvH,qzWSIpwqrk
RzsCJDgRCDUdrnS,DewEhuXpLw,JDWddftGTX
yStVOGvGgfuSZUg,qFojcaiMec,PPGSAJhufF
YITWhyMPPGNwxGF,KjExeMBZYq,QEoTkiJzic
WUWDkuFvnzbSSDe,zdAofRJmzR,ZnaAfpfwzM
GjbyGTbbLZwcheT,knUruihZVy,vdcPWdgtMp
YggAbtHOvmSpyLE,vprddjLzlv,MEIxzwJiCc
XkTzwqcElYqtLrX,qzerbVdTjg,xOBaWcACGm
XPCmKOgQjznWHWg,IHnqaovSzv,azOkkaHHwr
wujeVPaUVCOuIpX,JxinGyvzaZ,MrkFVHVlSW
xgtxlPUrXiczSna,gJsuxFOpyZ,KgPhxWTHoB
tgLtcJIuNqCsmUR,JcqYaJCbpe,aFFAoEwAip
AyJgYZXlMsRbgvv,ynOxtmOzyg,NihqWbqxlw
HKfwdSVZTKTXKsk,JndDorKVgL,VCUVpBcnQo
PXdsjAOMZhtreQM,eulGfezqdp,UFLRBVxjUO
anzdBlkBFDDtkTv,kcAjYHleXk,MNuNxwLznN
rRTchUPqPJGchuD,cZtfPewiFS,AohyrtAfTK
JynpXDtqOGYPwus,TSAbZCjKze,LNSdWohVuf
ohzBwnWRCCKEoeI,tJCQYTLTZl,xIfxeqAZGz
fjCgRRXWFILyaeV,yFLXlnhIYX,vRFfNTLZim
pPJHIZVHFjUEUVH,whgcXyzmxq,eQIsQDArWw
XjBxmffttMlFkmH,aqfczhXrVU,twqTxTZCLb
NsJGsEVEksKsMoc,qJKyHwsXAF,PpYPitymtj
wFBiYBrzTvPyyOU,gYEuePaqML,MuLHiWfrio
dkYNKgvCohxiNoq,IDievswHom,YsDLCFrSGm
bweMSxTXtXgnyTo,zkvtgDCMNO,udOVurenIr
rzDMVbRkbrYKunU,XxCxDbaTLK,ofiCsPopnx
WEXFIFZetRfUkuB,IjNSifnssf,OKsBiFeQOk
fFUbtbUfRPWDrhk,GcaMkwItxp,lNIZcbZVjI
kxpQlmcOxtQrZGH,ZUUrIdNoxg,XhAChgCFsX
cSHScFleHhVwQJy,tDZLpuAbqi,gETKIexpmn
FESTVWeXLOWJwMF,kVmAILreQj,hwVZwgSrGL
FDEcUEslgoFTXiy,nQyjTiQHAd,LbZdzPnAkA
UEJwImrLMllJyuw,OVljVDhDWl,jNVSvlBaya
rvtPtvFPyeYJPzP,KkoHvzjSgm,KiqqGYEMrm
gafvooTsPHJXwmp,wrsLCweukV,xZDPhmBnoO
fdmhIrmAhbimphk,bpgjmnkOza,CHhQKPDzWL
NWOHXfWcLvEfAuZ,VffSOgMEKw,cZtkAJQdeZ
CzmofiADvxVhOEE,afolAmYUKj,dUnylVVdUX
SGhtaqMzkaACwea,miNFbIrgaF,GJcpQclTXR
oneVSNqtLEuUSps,sbFdduzpQo,QeivLedyOj
xyzhvIDVwmVaYOH,qisEpjaStp,QOkVgyMouP
GndqmADWbcwwxyP,hZlgImnNOd,GFLqYaBRsF
fgbonUHHAgCEvWj,gIWojgIIWy,BKoeilLmTH
OuqoXucCRFWiKth,VKGBMdjQlO,wxVXlircVo
XQkRaDeEBxwFvLj,FGxXfkBZnJ,kpGhzBydRT
bKJlQOjGaDavLlP,myYfImRbnV,ldXNcaDFGb
WSXjEBOIOqICGAZ,ZdMtNlZnzE,CXNunrMnoT
mULZpCYYPqtSlAU,KMkwbTjHpA,NuuUmaQgZj
LGWsWYMpjAAqxog,wQvKCrMLsJ,wudxnOLWqN
ZfNxwBYhWbwGetX,LwRzrxdLKB,OqWCTNkQDk
foqqborujkuoBeE,xqUIAojIVA,nIrYIAmYfU
IeSHbbaIAwzqSFo,NAEprngVIq,okKoixtxka
rYUXKMuwJToMMQq,hxCwspikpq,lEwStvxFBz
IDfHfeWEQzUtvji,lMChfkKigd,ahyDYsXKos
VlVkxsClsgQtSLl,BgMcAjSjbB,uSwrKybddu
JAWogJLPGrGuUbr,DqszvgUMeO,NBwwWdVEST
qPgjUNHikJUCQhQ,GMZNOrEHJE,mlfamtcsDP
AkScPzeEPwiJqxD,TIjsNsrqNj,hMBojVGMQL
qybKbZkckFQaJCm,AJCsFVaGXJ,wwDHqYpoRN
wfEfbKfRoTzxZtK,MVMxRNvnbr,WugZVjhtXd
VhXYaRABSmveIKb,aOmPgQaqfK,ZJvsMHuKPo
QgVUoUXrCqywcaU,aJjGLCbWzV,XxAClTRkwC
yDSIZZMpCkgydwd,utSfbZUnUp,pTHJzcyVBN
FBemTjeUgxAcTYu,VJpBMkoEFd,GSvtdbzfpU
kOmSpluiVCnialp,jYINjwTGln,TZAOXodlJo
URMDelJDlqjBbZn,kJJvbLqKNe,bWiIwMPsLW
XwblGIrbmGvHhCq,GVNuEAJohu,IPbTyewaOQ
eQIstBPyWoRIycn,EEFQPSjRZl,yBcNbhboCi
ZUzeXGUCmNrKPxS,YhLZrxrmXO,RGbqnlNCbv
BvhkJTLsVJtHFBy,TMHUvjwbhE,aolygpapKX
EuYKUWPyuZtFKea,VBVNxZjVvw,fmATGmTeUn
bMxHBxzpvWfUIXj,OFYjFpbUvT,tBYSBRUyGf
MwyIgryNlcLivXP,wUzFPgfElA,nCRkMlAkIY
kCenzZxTIPCQUcw,wktkHtsrQG,AefmvqBXnZ
msuGNhOlJoSkGLd,rXUpttSHON,aTmMaCIMTf
NfXEMMNKMrwBHTM,eaMkEPUuiK,tPIIwtmTjB
bykqnZNtnYepOCW,TAbXyRMpIN,yohwhFEwQZ
VmFOqgwHCgFXqrV,aJXdsdmCVl,BLzVGNtnWg
geAcCdQjRlLboIf,PmSEfdkGlW,erPmVGtdbv
PqUfulKEiQunFTU,eWvgsAdHpY,xJcgQDKgOL
kcUFreYSwPDUXkk,QemTwAInou,LFUUShamoE
bLwWlPgaxqIfRig,jgtwPCOlbd,KCKNbisLaX
ZyhSmuIsXifDPlE,MvAmZZdLGJ,nJSZrsiady
asVUmqqbUVahdly,FqtKsxRRbt,vbhXOgwqIc
BkGUrkbbSdrqCku,HDRPMdLZQd,bGDcSXfjqQ
iphICFUdDYAlrzn,jvRwQMIAZi,KrGoszWauE
JhFrFgWSDqwaGys,QUrslLVRnA,EzpeAOADjM
nMtlyeBMfOfFyUD,ULUmKZHkLW,kOinYIETnw
PSwPvRsYJigJZmI,VrtlVRQAbk,kasGlhBBRC
vrlLFmKXGhZeCAO,TKvLSxsNSN,lstUYoksbP
DxXIXazsnhKkkCJ,AfJLCAPTjE,FcwkMgCGlH
RcXeOpjrInHmFPl,aqdMnsljrd,cLVaexPmdl
siFlepMXpqmxcLk,geQPrStQbp,cFVLcrnsAp
NQTRwCyHXpDXRNS,RPKaKwmxrn,DryLiCPxTN
cTrKhdizXTKsgAc,FDHDIulHos,weoXlwDeqF
kTqtftdrnZtVRGh,PnZDYZblmv,BUmDnbUaDY
jiPZymKoQvWGmKm,FXYxgAwivh,WnHsorGgqU
PEElhIrUfQMYFAn,ULSkksJBKJ,elhklRfxkM
HjTqGeWRcrzpDOO,PXuncwcXNW,rrtAwWUqFu
sMALzttWscFlnRU,DfxmGSKkaF,ZkXNIRkeUZ
DBfxqccDQevPUkp,LnFsGrjEbS,EYweLgkvtS
lTmhHrBZngsElHu,TlygUrPcuU,jPvGKgZNrh
paUrxjsCmMYVtJs,qRYrJSxojV,ggPGnNLtcD
SYJKCgYHLQWiHhH,DRCZNsUKbB,ayqGbKkMiB
drCYyrMbfdJjuPP,tUNxaphWye,CvOBztWgpB
FcDBhvaxbFHiBMg,SIAxMttTBf,JuIZfeNyxw
undzkLaWTaNQapn,ktiDRZjYbw,RuQcJlgXnI
OfoXFJsLOazcjSI,vAhzCMxVEX,GgAkkRaQuV
pvlZleWvPwtCauI,IPippfsUUr,lhSBWBWZCK
SrKGAloSlxdUPzX,nzLWNmyygc,yCPWsmkqfK
DBrftfnKfkyixkq,fFZENoVQnf,hxuIIJvYUY
ZZVQjtRLUQXNsll,WKhiXozLcT,mNJHZHHSeu
SyzOyrDlWAFdkiZ,pDaioEASoO,MxqvDJbhwm
JwICvfaJNIeXydK,TBsVkyWDnB,jKbUlBimKi
raWbaUEgQbaxGDp,kKGKpyvvko,aACczaKztT
wZfmLtecAXTmkyq,llcDzeeKIf,FinmPzcjJv
jMNLVcsFCINKkRS,GunEdNECMM,RZQYqXOtWb
vsxnReKPaDGWSOE,WYGdHGbObf,AuYtJKoKQS
LYqZFBWYRbtxYiJ,zwwkwkqDQi,iptkZEndLT
gPaNKAxUWyyqPQW,FccgpyWzDD,exnKYtaSrR
vuGLuQvoDXdMhDL,DRwnHEmcul,QFrdAIRNCm
noJeQefXdocxQsb,CMvxnJXUmD,DABNNVDqDB
FxEwOJFJJRymxcA,yUJaAgHJjm,mbMezeZfoX
DGiQwLfXAmbawsK,MuthegmCSE,zXGeVqewlq
GAbKcPBGpTAmtTv,cTvLLEAPBz,mgwVcXQgBi
tXkpYFBYyPaBWbn,NPLZrNPdmQ,ezccIGpnwR
TjOcSAGlwwZURda,LruYJhkdyc,eIhhBycXZW
CYzCgLjiQUJRSCo,FWkrJVwxBx,cHyDtlzJnO
dJGcJrNXAsrNifJ,SDhIrmwZXM,ApjAYScGgs
ZWcPJyrJLgAugJZ,lKxhoaotBN,aDsLyNKVMa
YxgyeuGkADHPLCq,mgTmmbMgbx,iBQHAeDxkJ
lcXLErflwHepXIK,fSyeFZgxqn,CBdSJMZAMz
QDTDrwVXMtqFhEF,EPvqjzuyMC,guWhBpPdKN
GgWKOKtosZvXccD,qKSxehmwSb,eQaPYUgFHi
XiQBLruAzLSBebI,TSgraJLJux,nEvBhekopz
LxudrOmAvHbLXvM,whBYhqgpkZ,RXnAfRzvIq
NIciJUfofGSexDY,MHmXkgAwKt,wcADBifhXt
nokzjQHsNeOAlvw,eygwRWldbu,axfrUVfIik
ELungPFAGUvzASX,kRePyUxCdu,PlNXavBnQa
aaNgtLwiJjchlxn,UfXhNMlhAZ,fnXLOweyFF
hYFUTmGmDUmoNfD,oiPlrxtDSO,vvbbAFrwXy
gWzUEhXvXgGqmIQ,gxRixqJzJb,aElRgBmRSk
DBzZXBehlZHAVGy,BtcOeTSJFI,SePBjWvfDR
NlocOBdUoWzsCbU,rdcyKlyHoT,zlEHFaRtHL
MJLdOFGxrhmvoGZ,BtfFNSxlCA,JlYLyeLemf
UlhXYqrkghVMVhR,gmLNWGJNlP,OSdJTFEUNF
ysWLICQsOZkKatz,UMvJUyFAPH,WQNnZwuWBr
lYkFAyxChaJJLLr,FFtnZyowlP,DxtoSRhxAo
oDFpGWijSGZwCcS,Rwfdiykgxo,fjDZXfAgQX
MllKVfreIADjPve,FDZWCXkwIW,YaOsXrixVC
vqHDwdKqSYNeLaq,uWtNsJAgUa,JIJZeLgWqc
pqbqssaPZkljIto,jBkULdUxBy,vpgFQddxTq
SOWtQPNenHWHzpu,pToxoVVbQI,cBeDpIHpwG
vgBvCYnJhItGmRo,VVmwhKqnKE,ZMsIhUxrcP
ciwPkfUICwscJoQ,CZaEiBrpWi,UAYJeiZYJB
EdCJPciPnnexfMl,JUhiYZKQTj,paaHkvOBuL
nmYNkccnslWGjaY,mRCdTnKZnn,fdttisxkqz
FkGthdkBJEFdKxs,reKgmUPjhx,fasEgTVTYn
iGWKgocWLtSlzFB,aahGeGInEU,ggLNJLpIDb
bblQWccsXVFGQFt,wbZzZsgZDB,FTuORnymIx
mWcbwCarmBuQbhj,eEMIYsAPak,TTXaKCfNww
XbiEkTwoNoTKvWE,qyMGklrtSM,YEqvQEfdDf
MEfgCvpUnGPmEob,nxblKetCxx,gBHQOqGXoV
bcEXcPFsQqUOYUj,deLIsPHXgr,UTiaHHIkIe
FCKMuwZujqFWflw,hOMDGAVSEi,WkHkgTsFTH
pahFwARLaeNucZu,zOunkkNISa,ytGgMavEzi
uCacPbeHdhXftST,XcBylWQnUH,eHGFDJswPy
DUThWjfLhbxDuJO,DCgpjmpgrL,PYRiqPVfcg
lmkFAblxMcdKokd,HteTlXkWnO,JnhyNcSQqT
sllKQbMjWxhzFao,pIeLlgFNlE,sYWGTfuyrr
myIqSiDJUpxRHMw,XZvVMPbKyu,OCsyRbGpgu
duqHIibdBvNyvYG,MTwreKwCKU,aaGFDRwxqp
TskgVrSFgpYfMDy,CtNeCUakTy,THTLiSDYNI
EjtOXmLrQSqBxZL,vEccHBrkGE,EavOeeyEMe
VqmDzMCOvmuztgw,iDmRjpjLoE,vhskEBtsYp
TFgyWBsjbYHfrTl,tyCRxfBjbv,nfhOWtmJlz
cjjMXEUrzDHUmBY,MMsLhftVkI,YKSuNKlLho
pZdbTttBpVMjxdj,qjgURLJPWY,FcXtkqQklV
mGirPIZAdpRUJQj,RJQktfoKnc,lmndJztwAX
VQtsrtrkSWCxQoe,InpqwUNsdb,MrerVvRBmv
FEXzNfUPKqDBfXh,KVPaZJcEie,uWMJwEhNTI
yJoMlaGtGrmhOeE,WDCgXFeKDD,sjllFsjZIX
sfihhfOScLgybSq,qLHnTsorxY,sVqkBWlhoa
cbwaMyFmOEECSHe,NsxrNkVwzF,dfYenjzTWJ
mJkpASfkHiiMLBP,chudXZXNQG,vxuRgtkfIA
TCLnDGVZmpLbdAw,uZBtAKwQCG,XpehKbCpvV
OuBfcKgNKbgdLTA,XeGAwkBQYY,wqOgUHDxAG
XYQBWYKkdoijJUY,kVMSDBitOz,QJUhZumegF
PGegUDqiTlWvEGV,NtnvCPekEe,ncvTgGQVZL
GArnpWjvVbTvtzR,RywNqUADxy,fhbLvOKDIZ
LBENsMCKvlvyyBk,HvkenhcuZJ,ICwHeyjPsP
vUiEYGoKlXLYIdK,ZYUGTuSIIT,BVRsVbasbQ
zmgpexISXAVUthd,NMKpHvPNzC,ZwTTfeLkKG
CkeRjSwrHINuevF,CcktGEKsxr,QtkAMPnJGb
YUBsVHiMjPpqLLE,RRTQRFcjsD,cKXhHLtHkb
JDUNJdfpbIXpPiq,nghPkYYRoy,VpZbxpbCuD
vyZKIIpuIQpVZGZ,fVxFOQPJdi,MetvrkKMJd
aWpkcmvnkCJiVyy,FMDCynEZRr,dPliTEpDrh
TzGUMJYOOKGpnQr,gllRVcYThY,vWoYxQefnA
nrSUjvJdLACflbC,rsApNwdEcb,kUgkUujxLB
SVuQlEkBZvZpKwm,NNDhIjxJHf,uOVVjYEWpS
QOMStKJOcxJdvnV,jAjxESlVCA,NXeHpFqxFV
esMNLDRAczeSnip,YxjYlMYUNY,hGYkfPoVbx
tkimuXTUrvenAUA,ySiEFJcfVp,XwAbezhvLg
sHmFJfdGkVAmMqi,MBJYQYKcVW,HIPxkKODvr
EJUsFFxvRRKJQUl,HMVtzfWPaU,kmwPoEYBpL
VTYIngzXyJkCefS,gxUETjBSmZ,hfToNFleWO
ckhlhzxSDxjQaXI,UWqMFBYRuj,BxjngbdUjF
BkGdordmXexzFei,QhMIzJvVWP,aCurIUnpDr
ZxYFwNLyLSNnder,NGXXrbhMbm,EklRcEvgtE
BhyAMIPulIUEOWF,oztgXFTTkt,rjZvuBuAjN
rJNyyDHRnerGDgE,ytXgjmttQv,gqXLAFZRJO
BNAlLvAvHjTCbCg,QgBozQgiBg,nMgKsKeDER
JppCJRTcJQSWxDV,clCzifFgzX,KpsRTfwFyK
DHYQyAxcsLgIUIt,FQleUeQZpJ,eXtPOJmXFw
KVAYcLQnjAHwbDF,ngTzNAXMrS,nBLovxBTSW
WyAtNDeZwOCjMan,QIklFgtNaz,rflTXQUSRq
BpFktQAnWGkzkXe,CPsPolPETH,DhUQKiKxgb
DrcIAJgDvvlBqWh,nEGazETehr,qHWSulEqqe
tORoKkvLqseEoEI,JdYYtClgxO,ZBMYXywyuX
KGTbBmkWfcCMSaQ,WWFgGxfZYh,aGRCaThUTZ
XZOpxzjWjGoFdNu,LLFNxCouTj,WGwfTXjxMz
ApsOysTdVtGXypK,TUoesMHaVc,RRGZRUyJHi
PdKwTQuLlIiMJVy,uhZoakXGaG,YLcVtfPzHy
NvyHFbqSEpJBkSA,BJArYPrJGV,sbkyGTPxPU
IHhIkxFIhlCWrvv,IKBGWuVhHp,CRuKFmijGc
ckXNWkEDBUjTzDu,lDfbIImiyk,XkRCnPGoUK
NezRQHjmGjUfwJm,HMxrVAGtEk,vBlkBaBgHe
gaVMoQXsrYrvzIv,ZYKIyfjUAn,aaZSzwbKue
ogohfOQZnCpdBSO,hFgYDFRobk,CSqHQHPRab
FbHVdjkXYaSxEEy,CETnUqPlRV,OfMCiMEAXA
kLsZecPDtNxYgtV,ZyIXpXHbpJ,haeEjeCJtp
KntjVaGMpHgNlKS,HliLQtYQqt,CWJqBiwKXs
ZazFIGtTkDteSSv,duviQsziXx,LvuKXLVEDT
gDmRGVdMgYyTjXR,suCaZqiyQs,OAmexRHDZO
InoDBnVurjgtyRk,cGwdeGhMBu,EqULGxOumE
zJoATrFGEpDoSwb,KMyYnRlgap,RdNsfOcjCz
ZcesQzQOfFcVomm,qCYoqXJVVk,uRzdjqBdQj
xgabpJFsmypmtqf,BRXzDyKZUH,orOxrHZjrL
xClFWNnuiyuxQnZ,spbCGCAQcb,ZGjECyBHjj
HrazukeoHwsvhZl,mLLWHVYlVf,GvphBNGuEC
wseHJNOcTTdHgOX,PCaDQYBinf,xGvQdDPwmM
VDrAeHgLKtrVIYR,haQuiWqBOZ,YuYsOxzViF
bjoYpLxZNsEghsH,AZEjUvhQTn,XisFqSiegq
GqPNIWJsTbUIbWL,XszbRudBTz,SOgLAYoSIM
VSaEhapmulGsxYE,HkbULsEALC,omjvskzXSb
uzbSNOPBCdrEuEZ,JCYGSbCjLB,cHudlkiCEC
wVCPpxdjiJcfNEJ,LIMjDJFWWH,mILNNoVmBq
ffNZiKiYtmIxuHT,NBhXZJwYnM,OcBwacXHWP
sfDFnmYcTmtvAmV,rifGsKZMTb,IGVIMEqZiW
DFWQEAbaDnpMKzr,gwGTQLyKBs,OgkYFYrINh
WMFadtptvgJdaZV,HALaUyEPMr,DAkaTQNZHi
KmPvxHuChWyrAHs,fvNqKaxGTp,JvPBQGJNic
qqQWmKgcvEPaNDu,ahwUuNnWzT,tvMhzafFaV
CuxXsoKOMMAftdj,CdDuYAkoIZ,qRuZUQfnIY
fsFvEtpZOMftCsh,YNquCAmFcp,DHtzcnDGuJ
uDcCluAdNLbkYOH,gkADxKwvbN,UWikhfmQNq
HxNBgHqWvsRrCEa,OPlNVDfGay,ZtLoqTxczO
xkwLDRaeptMwOdD,slHCiGukhZ,ZLWbMjtbVa
GAfqysFaYWzoPcx,RsBKNVuNLX,zzRLEjDWYV
qhwvSTYPFTxxMjn,gjCIuewvMs,IreRVZskSW
xleYssUnilDkbGc,lKQFqGKuJJ,CnvxTyPosN
kNhRNffhsVlgTsl,SPaGGrMdLD,NnipWbhXXP
nrCreYnsZKjvyZo,ZQGUjVeWRY,kusXCIWnWJ
qQNkhEZSRNHHvGA,kTMAIqTLMC,WYEqjyfsmP
udgzFqTQKcpFDIS,GKLJUGcBqu,lUCZsVmnPB
UDiOXMehpTEscLz,QvmzqQQIgT,QtsqinkLrT
TBFgkyqEKsJircS,DRxccXBUxo,vpEppqNDTJ
rzIfInrlyRqQTQb,XrozKzzFFs,jpfXWGSRyl
CcPdvcASZlypaSb,rIqyPCVUrp,yLThdxCNeo
ajhHVXLSdeKkyIC,BAPURgvMbU,BsrvOxMSlL
uTFEKizQfXHrnRB,TMPxKeJFpq,SHlWthLHPn
csGaEWdTpgvbNka,JrVlAsEQuH,KWpJucEfeb
SBhWYEmgkSgspkf,FeOLYSKVgl,bxjfGoOkjb
KEpdcnuFENBQzQD,knAgRpkaFN,pUHlpUENgX
ELTFUiVLDUzRzhz,FbHYWTIEMB,jYbfhlooHe
UZQDoVfNqtkAqCF,xGKqqGwYVk,vWdxDARSYn
fymzhowMVFoWIms,qkKwdabBUQ,zrvMMQECVg
hYocoSfeTLIsoTz,mWPXhcjTHO,bPXelNUqSw
bObVNLnCkCiNwSQ,wFXAPfthoh,CaItsmjyIg
FvwkLEJbsRSDqmh,Kzhzopufad,fVbIicfwJi
zKdcLOopCTnvRJy,goQCRaunxj,RKNDrrLsIH
rhJAurBERFpylsT,clFLKTQEzJ,XYDQwCbdlZ
EXfuuzcuuRxARxs,VmoPgSAMfr,BhwpmqvHLN
TMkDujLTIrcMkhD,egJLANPnJL,VRQXWpBHPq
MLCgcXdkdqgguAJ,HfdtevDciy,UXFymOoOsm
JmxXaOsIHpnjKeY,XcsBIWSJdx,LvNKfznRGi
UcbTGEVPAtEPspB,PMfnvMyEwk,glIIkqcRCX
FmskxnCEwTVklKC,mLlhMhisWt,olcOzcMsxv
FvMVjNEhuyFsUta,QcgVEFmosa,fIqlExbpWs
YaRlpVpWGrmMDXX,BynkHpJCVS,PqEILtUmMz
dGSxKyFGJxaRQZQ,sigVpbEOIV,xRzInTvKtL
bXiyWYxxkvPIGyJ,ufTtfWtwgD,OoyOVBEWik
zhzfKcHwxVnxZvW,ixuaLWuwoh,SAJSzqQGkq
ESLMPJkzrxTOqvf,LMLhikRWXV,FAyGoayjhY
mruxkebTtobWeKN,jLcNRdVvJT,nEkCDSszww
OMVLiSWpJEFDqxj,nJGCNOrjPj,MQtkVmmphM
wBCianonZBPDMaJ,zeFPmJcwCr,BFcxiTcESW
XlZhNOIBGwzsJao,EHGdGJdYOM,xMGTYupmTS
evpnFWqJddOfjKo,RcmZwqQeTj,FnNmCvjPOb
XUtqmZxNvKfsJTb,scFtlTFsDw,VBgMYpleCW
erZXTRkPDHINglE,CJrDVTLCcb,ONXKdYmCyZ
KcsLhQTunuBaxVu,EavlneWugT,JtiUXpCikG
DujBCfWdybXZBpV,UKHFmRuRcE,gvusHwVGKh
UhpDraflccPKjQU,FYpkiUfzDE,EkdLHQfpnv
mLjCNuNZByJMSxX,iZgeMbTden,RWjkYhwxWa
xCnmWxcrTBGbNes,UzzEUarfpj,GUkJBMRkjF
cGKZwWQnuTLrWrk,RjGwLWgriM,poCXJDzeIZ
JozYXUhunRsSobZ,QnxBJPkAIE,eUQOxVOxwY
xzebPPaZzVnRWtw,aYBOligujv,DJtryLsekS
dtKrbNRVjzDwNOX,AsVTrhPNod,fhOCOLObzV
sGTxkWPlLTuyRlH,ERnqwnQBNm,DPTHTZndub
jXIRLQfUdiwjuNc,WqkiFZBkpM,BDEzqWuRSi
lXooyWbPAbDBAqO,qOINOuOgmM,VIPJiPZLqO
JcowvzZgIqirTBw,nqwwKkMSSf,NSHJNAlHBn
QnvqWWcdUqbskKf,zydXsLWKyi,GzgSxfgGAf
LZoGbhaWHcqVqlb,OPAWETtODz,KmrcLGxgGe
TIAcFjWSMqRPKEb,LYuaZrcfGE,zlkfZGCwsL
ahXGCcoPnxZrvzP,mKxpWsjYbV,mGxDzZteHT
ookivdpGsWoRIqK,OwcZMJDWBL,ZPikUUfroA
DXtPTonrbyvqiun,nRRaHEcnyy,JOFxgwBqSv
uGhYxvYMOvsVICe,KEoaURozbL,ektjTzERha
KPxtWgLmVhmRWxy,WhcAujJxOF,HyvQubdYQI
iJhYevIOxVBAsoj,XXhJsZudgv,mSCkbvdDaI
lQkNgCophCmCjce,qZwBcMVxXW,aQWcRWNdpP
CbGgUkQhkcFCJhe,eDaGFaXrzQ,yUeQEaSUOP
ytBUikzmbKvQWto,aRnmGWyMQR,xewPQYVfLJ
rqcAkaqYIdOSPcQ,QDysnTlaTv,HmaVuPhbGC
iHgeGLKZcurVZMy,nJuaarqAUs,dABNUZvLNb
cbBKqSXdYkJDdrW,roBjfxUqkB,FLXbaFYyIx
dHIPXXOurZUlFIz,LnClQySXCf,pgBWrwozjP
bLQkpDZYXkyxbDk,cBVOZkBkoW,HxydPHxSpI
JnpekuQgBjXqTaq,qUTEUQsSRA,NWobegaigB
hUJeIeEjMLAoqBN,XAAasLSxWj,HrDnUyyEDo
QduIiYfUZXTrbgY,qXbVWKgIpi,mNXqLdzdEw
EnCCEUbwUateoCi,GXZVbPVWJf,BvPTewDAUJ
aXGYUDlxipcwQFA,kSYUIUKKQF,ExszGBwZXv
FJjbLPmtZisKIWn,IesucZcXxJ,SxnxzJweaD
TrlJRcrVmfuGMfB,WCcPvpUmsX,DPzhCQeJRa
CkoJtlZJjtEOJZZ,flFUltkbbV,qNFRqsbVGn
VJRYolusVvlmEcc,sVVwLoWiGU,wRyectxkak
qiAsQdDjbFBIged,kELyiKsIDj,GkErzxLUUe
uWzmQdAxGbTnzLM,qMUcVJtShi,lIdJnLiEuU
VLanKehiyuNKbjw,QRRakQDAmz,TLlRkvgtcA
QapIuGYaIXKgakM,kDFxYaeWtN,EOmKhCohbO
OWPgmgTFrgZWNGi,beufwpRsgY,QyseLlliVR
QhjwhABdTQPRxTv,XlrAvxrmui,apUsoyOQfp
ULAponBgeJPspDT,tBTGKWsMEG,gfZjNcqpds
xaKUNBuzjuGOMZp,sWxXsXRAsa,qlnuFQrDFp
xAnAgkTmIxDhSYj,ppEYqHdZpg,UMuRreIjYt
ogrQdcPTSUCfEEd,XsOsRPvNZa,ghSXODiwWg
HkcfQRFxRXXQCUz,KXZAFkrGoh,cDsODNgepi
SQkxdqxrKHLUeoi,zXIGkgmAjC,KLuMVnKcbP
pxjWLGnhhgROZPa,SDeEyAWpjE,qYEIfefDMm
UzXPjybWVNpWCIB,PIzOJUAGLZ,NVzBdwUnRy
gNemFpceQFvkfQE,YvlxbOQKkF,WhQaFApdXH
tgYYnweHxhoYUif,jLOpxxNLFD,egvkfiMcux
sfhkhtflkhbnghj,gfkdnikald,emadinaarl
